CREATE  admin (
id int not null AUTO_INCREMENT,
first varchar(32),
last varchar(32),
user varchar(100),
password varchar(255),
PRIMARY KEY(id)
);

INSERT INTO admin (id, first, last, user, password) VALUES
	(1, 'Khanh', 'Nguyen', 'khanhnguyen@gmail.com', 'khanh123'),
	(2, 'Duc', 'Trinh', 'trinhvietduc@gmail.com', 'duc123'),
	(3, 'Tan', 'Dao', 'daonhattan@gmail.com', 'tan123'),
	(4, 'Phuong', 'Ninh', 'ninhvietphuong@gmail.com', 'phuong123'),
    (5, 'Manh', 'Tong', 'tongvanmanh@gmail.com', 'manh123');


CREATE TABLE manufacturer (
 varchar(128),
image varchar(500),
sort_order int(3) NOT NULL,
PRIMARY KEY ()
);

INSERT INTO manufacturer (, image, sort_order) VALUES
	('Huawei', '/database_ProjectJava2/imageLogo/logoHuawei.png', 0),
	('SamSung', '/database_ProjectJava2/imageLogo/logoSamsung.png.png', 6),
	('Oppo', '/database_ProjectJava2/imageLogo/logoOppo.png', 0),
	('Xiaomi', '/database_ProjectJava2/imageLogo/logoXiaomi.png', 0),
	('Iphone', '/database_ProjectJava2/imageLogo/logoIphone.png', 0);

CREATE TABLE orderr(
order_id int NOT NULL AUTO_INCREMENT,
user_id int(11) NOT NULL,
date_order datetime NOT NULL,
status tinyint(4),
PRIMARY KEY (order_id),
KEY FK_order_user (user_id),
  KEY FK_order_status (status)
);


CREATE TABLE order_detail(
id int(11) NOT NULL AUTO_INCREMENT,
order_id int(11) NOT NULL,
product_id int(11) NOT NULL,
qty int(11) NOT NULL,
price int(11) NOT NULL,
datecreate datetime NOT NULL,
PRIMARY KEY (id),
KEY order_id (order_id),
KEY product_id (product_id)
);

CREATE TABLE phone (
id int(11) NOT NULL AUTO_INCREMENT,
 varchar(100),
manufacturer varchar(20),
images varchar(100),
giaBan decimal(10,0) NOT NULL DEFAULT 0,
ManHinh varchar(100),
ram varchar(100),
HeDieuHanh varchar(100),
CameraSau varchar(100),
CameraTruoc varchar(100),
cpu varchar(100),
BoNhoTrong varchar(100),
TheNho varchar(100),
TheSim varchar(100),
pin varchar(100),
startdate datetime DEFAULT NULL,
MoTa text,
PRIMARY KEY (id)
);

INSERT INTO phone (id, , manufacturer, images, GiaBan, ManHinh, ram, HeDieuHanh, CameraSau, CameraTruoc, cpu, BoNhoTrong, TheNho, TheSim, pin, startdate, MoTa) VALUES
	(28, 'Oppo Reno 3', 'Oppo', '/database_ProjectJava2/imgSmartPhone/OppoReno3.png', 510, '6.4 in', '8 gb', 'Android', 'Camera chính: 48 MP, f/1.8, 26mm (wide), 1/2.0', 'Camera chính: 44 MP, f/2.4, 26mm (wide), 1/2.65', 'Octa-core (2x2.2 GHz Cortex-A75 & 6x2.0 GHz Cortex-A55)', '128 Gb', 'Có', '2 sim', '4500 mAh', '2020-08-06 00:00:00', 'Xiaomi Redmi Note 7 4GB/64GB là chiếc smartphone giá rẻ mới được giới thiệu vào đầu năm 2019 với nhiều trang bị đáng giá như thiết kế notch giọt nước hay camera lên tới 48 MP.'),
	(29, 'Iphone 11 Pro ', 'Iphone', '/database_ProjectJava2/imgSmartPhone/Iphone11Pro.png', 1599, '5.8 in', '4 gb', 'ios', '3 Camera 12MP', '12MP', 'A13 Bionic', '32gb', '65gb', 'Không', '3046 mAh', '2020-08-06 00:00:00', 'Xiaomi Redmi Note 7 4GB/64GB là chiếc smartphone giá rẻ mới được giới thiệu vào đầu năm 2019 với nhiều trang bị đáng giá như thiết kế notch giọt nước hay camera lên tới 48 MP.\r\nHiệu năng mạnh mẽ trải nghiệm game mượt mà\r\nRedmi Note 7 xứng đáng là một trong những chiếc smartphone có hiệu năng tốt, với điểm Antutu đo được khoảng 137586.\r\n\r\nXiaomi Redmi Note 7 4GB 64GB | Điểm Antutu\r\n\r\nNhờ được cung cấp sức mạnh bởi con chip Snapdragon 660 cùng RAM 4 GB, máy chiến mượt mà các dòng game hiện này với cấu hình tầm trung hoặc cao (tuỳ game) như Liên Quân, PUBG,...\r\n\r\nXem thêm: Đánh giá hiệu năng Xiaomi Redmi Note 7: Chiến game ở mức ổn\r\n\r\nXiaomi Redmi Note 7 4GB 64GB | Giao diện Android\r\n\r\nGiao diện Android 9 mới được tuỳ biến đem lại cho Redmi Note 7 nhiều tính năng hỗ trợ: Chia đôi màn hình, Ứng dụng kép, Không gian thứ hai,...\r\n\r\nXiaomi Redmi Note 7 4GB 64GB | Giao diện tính năng\r\n\r\nGiao diện trực quan dễ sử dụng, có thể tuỳ chỉnh phím điều hướng cũng là một ưu điểm của máy.\r\n\r\nThiết kế hiện đại, theo xu thế\r\nChiếc điện thoại Xiaomi mới là một sự lột xác hoàn toàn về thiết kế so với các dòng Redmi trước đây.\r\n\r\nXiaomi Redmi Note 7 4GB 64GB | Thiết kế\r\n\r\nMáy sở hữu cho mình mặt lưng bằng kính phối màu gradient, mang lại cho máy m giác cao cấp và sang trọng hơn rất nhiều.\r\n\r\n4 góc máy được tăng cường độ bền đáng kể giúp chống vỡ kính gấp 4 lần so với các smartphone khác trên thị trường hiện nay.\r\n\r\nMàn hình giọt nước thích mắt\r\nXiaomi Redmi Note 7 sở hữu màn hình 6.3 inch của có tỷ lệ khung hình 19.5:9, độ phân giải Full HD+ (2.340 x 1.080 pixel).\r\n\r\nXiaomi Redmi Note 7 4GB 64GB | Màn hình\r\n\r\nThiết kế màn hình theo kiểu giọt nước giúp máy gây ấn tượng cho người dùng ngay từ cái nhìn đầu tiên.\r\n\r\nĐộ sáng của máy cũng khá cao lên tới 450 nits giúp bạn dễ dàng xem nội dung dưới ánh sáng mặt trời và bảo vệ mắt.\r\n\r\nCamera chất lượng tốt trong tầm giá\r\nXiaomi Redmi Note 7 trở thành chiếc điện thoại có camera "khủng" giá rẻ nhất trên thị trường hiện nay với "số chấm" lên tới  48 MP.\r\n\r\nXiaomi Redmi Note 7 4GB 64GB | Ảnh chụp từ camera\r\n\r\nĐi kèm m biến phụ 5 MP dùng để lấy dữ liệu chiều sâu trong chế độ chụp ảnh chân dung.\r\n\r\nCamera của máy còn được hỗ trợ bởi AI giúp bạn có được những bức ảnh đẹp mà không cần phải qua hậu kỳ.\r\n\r\nXiaomi Redmi Note 7 4GB 64GB | Ảnh chụp chân dung\r\n\r\nCamera trước cũng được đầu tư mạnh mẽ với độ phân giải 13 MP cũng được tích hợp sẵn chế độ làm đẹp hứa hẹn sẽ không làm các chị em phải thất vọng.\r\n\r\nXem thêm: Đánh giá nhanh camera Redmi Note 7: Liệu có chỉ là chiêu trò như lời đồn?\r\n\r\nDung lượng pin khủng\r\nXiaomi Redmi Note 7 là chiếc điện thoại pin trâu được trang bị viên pin có dung lượng lên tới 4000 mAh cho bạn sử dụng thoải mái cả ngày dài.\r\n\r\nXiaomi Redmi Note 7 4GB 64GB | Trải nghiệm và đánh giá\r\n\r\nMột điểm cộng nữa chính là máy hỗ trợ sạc pin nhanh giúp bạn rút ngắn thời gian nạp đầy năng lượng cho máy đáng kể.\r\n\r\nXiaomi Redmi Note 7 4GB 64GB | Cổng sạc Type-C\r\n\r\nVà máy cũng có một thay đổi đáng kể là đã chuyển sang cổng kết nối USB Type-C thay vì Micro USB như trước'),
	(26, 'Iphone 11', 'Iphone', '/database_ProjectJava2/imgSmartPhone/Iphone11.png', 1000, '6.1 in', '4 gb', 'ios', '12MP', '12MP', 'A13 Bionic', '256 GB', 'Không', 'Nano-SIM_eSIM', '3110 mAh', '2020-08-06 00:00:00', 'Xiaomi Redmi Note 7 4GB/64GB là chiếc smartphone giá rẻ mới được giới thiệu vào đầu năm 2019 với nhiều trang bị đáng giá như thiết kế notch giọt nước hay camera lên tới 48 MP.\r\nHiệu năng mạnh mẽ trải nghiệm game mượt mà\r\nRedmi Note 7 xứng đáng là một trong những chiếc smartphone có hiệu năng tốt, với điểm Antutu đo được khoảng 137586.\r\n\r\nXiaomi Redmi Note 7 4GB 64GB | Điểm Antutu\r\n\r\nNhờ được cung cấp sức mạnh bởi con chip Snapdragon 660 cùng RAM 4 GB, máy chiến mượt mà các dòng game hiện này với cấu hình tầm trung hoặc cao (tuỳ game) như Liên Quân, PUBG,...\r\n\r\nXem thêm: Đánh giá hiệu năng Xiaomi Redmi Note 7: Chiến game ở mức ổn\r\n\r\nXiaomi Redmi Note 7 4GB 64GB | Giao diện Android\r\n\r\nGiao diện Android 9 mới được tuỳ biến đem lại cho Redmi Note 7 nhiều tính năng hỗ trợ: Chia đôi màn hình, Ứng dụng kép, Không gian thứ hai,...\r\n\r\nXiaomi Redmi Note 7 4GB 64GB | Giao diện tính năng\r\n\r\nGiao diện trực quan dễ sử dụng, có thể tuỳ chỉnh phím điều hướng cũng là một ưu điểm của máy.\r\n\r\nThiết kế hiện đại, theo xu thế\r\nChiếc điện thoại Xiaomi mới là một sự lột xác hoàn toàn về thiết kế so với các dòng Redmi trước đây.\r\n\r\nXiaomi Redmi Note 7 4GB 64GB | Thiết kế\r\n\r\nMáy sở hữu cho mình mặt lưng bằng kính phối màu gradient, mang lại cho máy cảm giác cao cấp và sang trọng hơn rất nhiều.\r\n\r\n4 góc máy được tăng cường độ bền đáng kể giúp chống vỡ kính gấp 4 lần so với các smartphone khác trên thị trường hiện nay.\r\n\r\nMàn hình giọt nước thích mắt\r\nXiaomi Redmi Note 7 sở hữu màn hình 6.3 inch của có tỷ lệ khung hình 19.5:9, độ phân giải Full HD+ (2.340 x 1.080 pixel).\r\n\r\nXiaomi Redmi Note 7 4GB 64GB | Màn hình\r\n\r\nThiết kế màn hình theo kiểu giọt nước giúp máy gây ấn tượng cho người dùng ngay từ cái nhìn đầu tiên.\r\n\r\nĐộ sáng của máy cũng khá cao lên tới 450 nits giúp bạn dễ dàng xem nội dung dưới ánh sáng mặt trời và bảo vệ mắt.\r\n\r\nCamera chất lượng tốt trong tầm giá\r\nXiaomi Redmi Note 7 trở thành chiếc điện thoại có camera "khủng" giá rẻ nhất trên thị trường hiện nay với "số chấm" lên tới  48 MP.\r\n\r\nXiaomi Redmi Note 7 4GB 64GB | Ảnh chụp từ camera\r\n\r\nĐi kèm cảm biến phụ 5 MP dùng để lấy dữ liệu chiều sâu trong chế độ chụp ảnh chân dung.\r\n\r\nCamera của máy còn được hỗ trợ bởi AI giúp bạn có được những bức ảnh đẹp mà không cần phải qua hậu kỳ.\r\n\r\nXiaomi Redmi Note 7 4GB 64GB | Ảnh chụp chân dung\r\n\r\nCamera trước cũng được đầu tư mạnh mẽ với độ phân giải 13 MP cũng được tích hợp sẵn chế độ làm đẹp hứa hẹn sẽ không làm các chị em phải thất vọng.\r\n\r\nXem thêm: Đánh giá nhanh camera Redmi Note 7: Liệu có chỉ là chiêu trò như lời đồn?\r\n\r\nDung lượng pin khủng\r\nXiaomi Redmi Note 7 là chiếc điện thoại pin trâu được trang bị viên pin có dung lượng lên tới 4000 mAh cho bạn sử dụng thoải mái cả ngày dài.\r\n\r\nXiaomi Redmi Note 7 4GB 64GB | Trải nghiệm và đánh giá\r\n\r\nMột điểm cộng nữa chính là máy hỗ trợ sạc pin nhanh giúp bạn rút ngắn thời gian nạp đầy năng lượng cho máy đáng kể.\r\n\r\nXiaomi Redmi Note 7 4GB 64GB | Cổng sạc Type-C\r\n\r\nVà máy cũng có một thay đổi đáng kể là đã chuyển sang cổng kết nối USB Type-C thay vì Micro USB như trước'),
	(27, 'Huawei Nova 5t', 'Huawei', '/database_ProjectJava2/imgSmartPhone/HuaweiNova5t.png', 200, '6 in', '4 gb', 'Android', '23Mp', '12Mp', 'snapdragon 555', '32gb', 'Có', '2 sim', '3000 mAh', '2020-08-05 00:00:00', 'Xiaomi Redmi Note 7 4GB/64GB là chiếc smartphone giá rẻ mới được giới thiệu vào đầu năm 2019 với nhiều trang bị đáng giá như thiết kế notch giọt nước hay camera lên tới 48 MP.\r\nHiệu năng mạnh mẽ trải nghiệm game mượt mà\r\nRedmi Note 7 xứng đáng là một trong những chiếc smartphone có hiệu năng tốt, với điểm Antutu đo được khoảng 137586.\r\n\r\nXiaomi Redmi Note 7 4GB 64GB | Điểm Antutu\r\n\r\nNhờ được cung cấp sức mạnh bởi con chip Snapdragon 660 cùng RAM 4 GB, máy chiến mượt mà các dòng game hiện này với cấu hình tầm trung hoặc cao (tuỳ game) như Liên Quân, PUBG,...\r\n\r\nXem thêm: Đánh giá hiệu năng Xiaomi Redmi Note 7: Chiến game ở mức ổn\r\n\r\nXiaomi Redmi Note 7 4GB 64GB | Giao diện Android\r\n\r\nGiao diện Android 9 mới được tuỳ biến đem lại cho Redmi Note 7 nhiều tính năng hỗ trợ: Chia đôi màn hình, Ứng dụng kép, Không gian thứ hai,...\r\n\r\nXiaomi Redmi Note 7 4GB 64GB | Giao diện tính năng\r\n\r\nGiao diện trực quan dễ sử dụng, có thể tuỳ chỉnh phím điều hướng cũng là một ưu điểm của máy.\r\n\r\nThiết kế hiện đại, theo xu thế\r\nChiếc điện thoại Xiaomi mới là một sự lột xác hoàn toàn về thiết kế so với các dòng Redmi trước đây.\r\n\r\nXiaomi Redmi Note 7 4GB 64GB | Thiết kế\r\n\r\nMáy sở hữu cho mình mặt lưng bằng kính phối màu gradient, mang lại cho máy cảm giác cao cấp và sang trọng hơn rất nhiều.\r\n\r\n4 góc máy được tăng cường độ bền đáng kể giúp chống vỡ kính gấp 4 lần so với các smartphone khác trên thị trường hiện nay.\r\n\r\nMàn hình giọt nước thích mắt\r\nXiaomi Redmi Note 7 sở hữu màn hình 6.3 inch của có tỷ lệ khung hình 19.5:9, độ phân giải Full HD+ (2.340 x 1.080 pixel).\r\n\r\nXiaomi Redmi Note 7 4GB 64GB | Màn hình\r\n\r\nThiết kế màn hình theo kiểu giọt nước giúp máy gây ấn tượng cho người dùng ngay từ cái nhìn đầu tiên.\r\n\r\nĐộ sáng của máy cũng khá cao lên tới 450 nits giúp bạn dễ dàng xem nội dung dưới ánh sáng mặt trời và bảo vệ mắt.\r\n\r\nCamera chất lượng tốt trong tầm giá\r\nXiaomi Redmi Note 7 trở thành chiếc điện thoại có camera "khủng" giá rẻ nhất trên thị trường hiện nay với "số chấm" lên tới  48 MP.\r\n\r\nXiaomi Redmi Note 7 4GB 64GB | Ảnh chụp từ camera\r\n\r\nĐi kèm cảm biến phụ 5 MP dùng để lấy dữ liệu chiều sâu trong chế độ chụp ảnh chân dung.\r\n\r\nCamera của máy còn được hỗ trợ bởi AI giúp bạn có được những bức ảnh đẹp mà không cần phải qua hậu kỳ.\r\n\r\nXiaomi Redmi Note 7 4GB 64GB | Ảnh chụp chân dung\r\n\r\nCamera trước cũng được đầu tư mạnh mẽ với độ phân giải 13 MP cũng được tích hợp sẵn chế độ làm đẹp hứa hẹn sẽ không làm các chị em phải thất vọng.\r\n\r\nXem thêm: Đánh giá nhanh camera Redmi Note 7: Liệu có chỉ là chiêu trò như lời đồn?\r\n\r\nDung lượng pin khủng\r\nXiaomi Redmi Note 7 là chiếc điện thoại pin trâu được trang bị viên pin có dung lượng lên tới 4000 mAh cho bạn sử dụng thoải mái cả ngày dài.\r\n\r\nXiaomi Redmi Note 7 4GB 64GB | Trải nghiệm và đánh giá\r\n\r\nMột điểm cộng nữa chính là máy hỗ trợ sạc pin nhanh giúp bạn rút ngắn thời gian nạp đầy năng lượng cho máy đáng kể.\r\n\r\nXiaomi Redmi Note 7 4GB 64GB | Cổng sạc Type-C\r\n\r\nVà máy cũng có một thay đổi đáng kể là đã chuyển sang cổng kết nối USB Type-C thay vì Micro USB như trước'),
	(25, 'Iphone X', 'Iphone', '/database_ProjectJava2/imgSmartPhone/IphoneX.png', 1000, '5.8 in', '3 gb', 'ios', '23px', '12px', 'Apple GPU ', '32gb', '65gb', '2 sim', '200mah', '2020-08-06 00:00:00', 'Xiaomi Redmi Note 7 4GB/64GB là chiếc smartphone giá rẻ mới được giới thiệu vào đầu năm 2019 với nhiều trang bị đáng giá như thiết kế notch giọt nước hay camera lên tới 48 MP.\r\nHiệu năng mạnh mẽ trải nghiệm game mượt mà\r\nRedmi Note 7 xứng đáng là một trong những chiếc smartphone có hiệu năng tốt, với điểm Antutu đo được khoảng 137586.\r\n\r\nXiaomi Redmi Note 7 4GB 64GB | Điểm Antutu\r\n\r\nNhờ được cung cấp sức mạnh bởi con chip Snapdragon 660 cùng RAM 4 GB, máy chiến mượt mà các dòng game hiện này với cấu hình tầm trung hoặc cao (tuỳ game) như Liên Quân, PUBG,...\r\n\r\nXem thêm: Đánh giá hiệu năng Xiaomi Redmi Note 7: Chiến game ở mức ổn\r\n\r\nXiaomi Redmi Note 7 4GB 64GB | Giao diện Android\r\n\r\nGiao diện Android 9 mới được tuỳ biến đem lại cho Redmi Note 7 nhiều tính năng hỗ trợ: Chia đôi màn hình, Ứng dụng kép, Không gian thứ hai,...\r\n\r\nXiaomi Redmi Note 7 4GB 64GB | Giao diện tính năng\r\n\r\nGiao diện trực quan dễ sử dụng, có thể tuỳ chỉnh phím điều hướng cũng là một ưu điểm của máy.\r\n\r\nThiết kế hiện đại, theo xu thế\r\nChiếc điện thoại Xiaomi mới là một sự lột xác hoàn toàn về thiết kế so với các dòng Redmi trước đây.\r\n\r\nXiaomi Redmi Note 7 4GB 64GB | Thiết kế\r\n\r\nMáy sở hữu cho mình mặt lưng bằng kính phối màu gradient, mang lại cho máy cảm giác cao cấp và sang trọng hơn rất nhiều.\r\n\r\n4 góc máy được tăng cường độ bền đáng kể giúp chống vỡ kính gấp 4 lần so với các smartphone khác trên thị trường hiện nay.\r\n\r\nMàn hình giọt nước thích mắt\r\nXiaomi Redmi Note 7 sở hữu màn hình 6.3 inch của có tỷ lệ khung hình 19.5:9, độ phân giải Full HD+ (2.340 x 1.080 pixel).\r\n\r\nXiaomi Redmi Note 7 4GB 64GB | Màn hình\r\n\r\nThiết kế màn hình theo kiểu giọt nước giúp máy gây ấn tượng cho người dùng ngay từ cái nhìn đầu tiên.\r\n\r\nĐộ sáng của máy cũng khá cao lên tới 450 nits giúp bạn dễ dàng xem nội dung dưới ánh sáng mặt trời và bảo vệ mắt.\r\n\r\nCamera chất lượng tốt trong tầm giá\r\nXiaomi Redmi Note 7 trở thành chiếc điện thoại có camera "khủng" giá rẻ nhất trên thị trường hiện nay với "số chấm" lên tới  48 MP.\r\n\r\nXiaomi Redmi Note 7 4GB 64GB | Ảnh chụp từ camera\r\n\r\nĐi kèm cảm biến phụ 5 MP dùng để lấy dữ liệu chiều sâu trong chế độ chụp ảnh chân dung.\r\n\r\nCamera của máy còn được hỗ trợ bởi AI giúp bạn có được những bức ảnh đẹp mà không cần phải qua hậu kỳ.\r\n\r\nXiaomi Redmi Note 7 4GB 64GB | Ảnh chụp chân dung\r\n\r\nCamera trước cũng được đầu tư mạnh mẽ với độ phân giải 13 MP cũng được tích hợp sẵn chế độ làm đẹp hứa hẹn sẽ không làm các chị em phải thất vọng.\r\n\r\nXem thêm: Đánh giá nhanh camera Redmi Note 7: Liệu có chỉ là chiêu trò như lời đồn?\r\n\r\nDung lượng pin khủng\r\nXiaomi Redmi Note 7 là chiếc điện thoại pin trâu được trang bị viên pin có dung lượng lên tới 4000 mAh cho bạn sử dụng thoải mái cả ngày dài.\r\n\r\nXiaomi Redmi Note 7 4GB 64GB | Trải nghiệm và đánh giá\r\n\r\nMột điểm cộng nữa chính là máy hỗ trợ sạc pin nhanh giúp bạn rút ngắn thời gian nạp đầy năng lượng cho máy đáng kể.\r\n\r\nXiaomi Redmi Note 7 4GB 64GB | Cổng sạc Type-C\r\n\r\nVà máy cũng có một thay đổi đáng kể là đã chuyển sang cổng kết nối USB Type-C thay vì Micro USB như trước'),
	(24, 'Samsung Galaxy Note 10', 'SamSung', '/database_ProjectJava2/imgSmartPhone/SamsungGalaxyNote10.png', 410, '6.7 in', '8 gb', 'Android', '  - Chính 12 MP và Phụ 12 MP,12 MP - Đèn Flash', '- 32.0Mp - Flash màn hình, Nhận diện khuôn mặt, Làm đẹp (Beautify),Quay video HD, Quay video Full HD', '  Exynos 9810 8 nhân 4 nhân 2.7 GHz & 4 nhân 1.7 GHz', '128 gb', 'Có', '2 sim', '4000 mAh', '2020-08-05 00:00:00', 'Xiaomi Redmi Note 7 4GB/64GB là chiếc smartphone giá rẻ mới được giới thiệu vào đầu năm 2019 với nhiều trang bị đáng giá như thiết kế notch giọt nước hay camera lên tới 48 MP.\r\nHiệu năng mạnh mẽ trải nghiệm game mượt mà\r\nRedmi Note 7 xứng đáng là một trong những chiếc smartphone có hiệu năng tốt, với điểm Antutu đo được khoảng 137586.\r\n\r\nXiaomi Redmi Note 7 4GB 64GB | Điểm Antutu\r\n\r\nNhờ được cung cấp sức mạnh bởi con chip Snapdragon 660 cùng RAM 4 GB, máy chiến mượt mà các dòng game hiện này với cấu hình tầm trung hoặc cao (tuỳ game) như Liên Quân, PUBG,...\r\n\r\nXem thêm: Đánh giá hiệu năng Xiaomi Redmi Note 7: Chiến game ở mức ổn\r\n\r\nXiaomi Redmi Note 7 4GB 64GB | Giao diện Android\r\n\r\nGiao diện Android 9 mới được tuỳ biến đem lại cho Redmi Note 7 nhiều tính năng hỗ trợ: Chia đôi màn hình, Ứng dụng kép, Không gian thứ hai,...\r\n\r\nXiaomi Redmi Note 7 4GB 64GB | Giao diện tính năng\r\n\r\nGiao diện trực quan dễ sử dụng, có thể tuỳ chỉnh phím điều hướng cũng là một ưu điểm của máy.\r\n\r\nThiết kế hiện đại, theo xu thế\r\nChiếc điện thoại Xiaomi mới là một sự lột xác hoàn toàn về thiết kế so với các dòng Redmi trước đây.\r\n\r\nXiaomi Redmi Note 7 4GB 64GB | Thiết kế\r\n\r\nMáy sở hữu cho mình mặt lưng bằng kính phối màu gradient, mang lại cho máy cảm giác cao cấp và sang trọng hơn rất nhiều.\r\n\r\n4 góc máy được tăng cường độ bền đáng kể giúp chống vỡ kính gấp 4 lần so với các smartphone khác trên thị trường hiện nay.\r\n\r\nMàn hình giọt nước thích mắt\r\nXiaomi Redmi Note 7 sở hữu màn hình 6.3 inch của có tỷ lệ khung hình 19.5:9, độ phân giải Full HD+ (2.340 x 1.080 pixel).\r\n\r\nXiaomi Redmi Note 7 4GB 64GB | Màn hình\r\n\r\nThiết kế màn hình theo kiểu giọt nước giúp máy gây ấn tượng cho người dùng ngay từ cái nhìn đầu tiên.\r\n\r\nĐộ sáng của máy cũng khá cao lên tới 450 nits giúp bạn dễ dàng xem nội dung dưới ánh sáng mặt trời và bảo vệ mắt.\r\n\r\nCamera chất lượng tốt trong tầm giá\r\nXiaomi Redmi Note 7 trở thành chiếc điện thoại có camera "khủng" giá rẻ nhất trên thị trường hiện nay với "số chấm" lên tới  48 MP.\r\n\r\nXiaomi Redmi Note 7 4GB 64GB | Ảnh chụp từ camera\r\n\r\nĐi kèm cảm biến phụ 5 MP dùng để lấy dữ liệu chiều sâu trong chế độ chụp ảnh chân dung.\r\n\r\nCamera của máy còn được hỗ trợ bởi AI giúp bạn có được những bức ảnh đẹp mà không cần phải qua hậu kỳ.\r\n\r\nXiaomi Redmi Note 7 4GB 64GB | Ảnh chụp chân dung\r\n\r\nCamera trước cũng được đầu tư mạnh mẽ với độ phân giải 13 MP cũng được tích hợp sẵn chế độ làm đẹp hứa hẹn sẽ không làm các chị em phải thất vọng.\r\n\r\nXem thêm: Đánh giá nhanh camera Redmi Note 7: Liệu có chỉ là chiêu trò như lời đồn?\r\n\r\nDung lượng pin khủng\r\nXiaomi Redmi Note 7 là chiếc điện thoại pin trâu được trang bị viên pin có dung lượng lên tới 4000 mAh cho bạn sử dụng thoải mái cả ngày dài.\r\n\r\nXiaomi Redmi Note 7 4GB 64GB | Trải nghiệm và đánh giá\r\n\r\nMột điểm cộng nữa chính là máy hỗ trợ sạc pin nhanh giúp bạn rút ngắn thời gian nạp đầy năng lượng cho máy đáng kể.\r\n\r\nXiaomi Redmi Note 7 4GB 64GB | Cổng sạc Type-C\r\n\r\nVà máy cũng có một thay đổi đáng kể là đã chuyển sang cổng kết nối USB Type-C thay vì Micro USB như trước'),
	(21, 'Huawei Nova 7i', 'Huawei', '/database_ProjectJava2/imgSmartPhone/HuaweiNova7i.png', 230, '6 in', '4 gb', 'Android', '23MP', '12MP', 'snapdragon 555', '32gb', 'Có', '2 sim', '3000 mAh', '2020-08-06 00:00:00', 'Xiaomi Redmi Note 7 4GB/64GB là chiếc smartphone giá rẻ mới được giới thiệu vào đầu năm 2019 với nhiều trang bị đáng giá như thiết kế notch giọt nước hay camera lên tới 48 MP.\r\nHiệu năng mạnh mẽ trải nghiệm game mượt mà\r\nRedmi Note 7 xứng đáng là một trong những chiếc smartphone có hiệu năng tốt, với điểm Antutu đo được khoảng 137586.\r\n\r\nXiaomi Redmi Note 7 4GB 64GB | Điểm Antutu\r\n\r\nNhờ được cung cấp sức mạnh bởi con chip Snapdragon 660 cùng RAM 4 GB, máy chiến mượt mà các dòng game hiện này với cấu hình tầm trung hoặc cao (tuỳ game) như Liên Quân, PUBG,...\r\n\r\nXem thêm: Đánh giá hiệu năng Xiaomi Redmi Note 7: Chiến game ở mức ổn\r\n\r\nXiaomi Redmi Note 7 4GB 64GB | Giao diện Android\r\n\r\nGiao diện Android 9 mới được tuỳ biến đem lại cho Redmi Note 7 nhiều tính năng hỗ trợ: Chia đôi màn hình, Ứng dụng kép, Không gian thứ hai,...\r\n\r\nXiaomi Redmi Note 7 4GB 64GB | Giao diện tính năng\r\n\r\nGiao diện trực quan dễ sử dụng, có thể tuỳ chỉnh phím điều hướng cũng là một ưu điểm của máy.\r\n\r\nThiết kế hiện đại, theo xu thế\r\nChiếc điện thoại Xiaomi mới là một sự lột xác hoàn toàn về thiết kế so với các dòng Redmi trước đây.\r\n\r\nXiaomi Redmi Note 7 4GB 64GB | Thiết kế\r\n\r\nMáy sở hữu cho mình mặt lưng bằng kính phối màu gradient, mang lại cho máy cảm giác cao cấp và sang trọng hơn rất nhiều.\r\n\r\n4 góc máy được tăng cường độ bền đáng kể giúp chống vỡ kính gấp 4 lần so với các smartphone khác trên thị trường hiện nay.\r\n\r\nMàn hình giọt nước thích mắt\r\nXiaomi Redmi Note 7 sở hữu màn hình 6.3 inch của có tỷ lệ khung hình 19.5:9, độ phân giải Full HD+ (2.340 x 1.080 pixel).\r\n\r\nXiaomi Redmi Note 7 4GB 64GB | Màn hình\r\n\r\nThiết kế màn hình theo kiểu giọt nước giúp máy gây ấn tượng cho người dùng ngay từ cái nhìn đầu tiên.\r\n\r\nĐộ sáng của máy cũng khá cao lên tới 450 nits giúp bạn dễ dàng xem nội dung dưới ánh sáng mặt trời và bảo vệ mắt.\r\n\r\nCamera chất lượng tốt trong tầm giá\r\nXiaomi Redmi Note 7 trở thành chiếc điện thoại có camera "khủng" giá rẻ nhất trên thị trường hiện nay với "số chấm" lên tới  48 MP.\r\n\r\nXiaomi Redmi Note 7 4GB 64GB | Ảnh chụp từ camera\r\n\r\nĐi kèm cảm biến phụ 5 MP dùng để lấy dữ liệu chiều sâu trong chế độ chụp ảnh chân dung.\r\n\r\nCamera của máy còn được hỗ trợ bởi AI giúp bạn có được những bức ảnh đẹp mà không cần phải qua hậu kỳ.\r\n\r\nXiaomi Redmi Note 7 4GB 64GB | Ảnh chụp chân dung\r\n\r\nCamera trước cũng được đầu tư mạnh mẽ với độ phân giải 13 MP cũng được tích hợp sẵn chế độ làm đẹp hứa hẹn sẽ không làm các chị em phải thất vọng.\r\n\r\nXem thêm: Đánh giá nhanh camera Redmi Note 7: Liệu có chỉ là chiêu trò như lời đồn?\r\n\r\nDung lượng pin khủng\r\nXiaomi Redmi Note 7 là chiếc điện thoại pin trâu được trang bị viên pin có dung lượng lên tới 4000 mAh cho bạn sử dụng thoải mái cả ngày dài.\r\n\r\nXiaomi Redmi Note 7 4GB 64GB | Trải nghiệm và đánh giá\r\n\r\nMột điểm cộng nữa chính là máy hỗ trợ sạc pin nhanh giúp bạn rút ngắn thời gian nạp đầy năng lượng cho máy đáng kể.\r\n\r\nXiaomi Redmi Note 7 4GB 64GB | Cổng sạc Type-C\r\n\r\nVà máy cũng có một thay đổi đáng kể là đã chuyển sang cổng kết nối USB Type-C thay vì Micro USB như trước'),
	(31, 'Samsung Galaxy S20 Ultra ', 'SamSung', '/database_ProjectJava2/imgSmartPhone/SamsungGalaxyS20Ultra.png', 1050, '6.9in', '8 Gb', 'Android', '  Camera chính: 108 MP, f/1.8, 26mm (wide), PDAF, OIS Camera siêu rộng:12 MP, f/2.2, 13mm (ultrawide', '40 MP, f/2.2, 26mm (wide), PDAF', 'snapdragon 555', '128 Gb', 'Có', '2 sim', '5000 mAh', '2020-08-06 00:00:00', 'Xiaomi Redmi Note 7 4GB/64GB là chiếc smartphone giá rẻ mới được giới thiệu vào đầu năm 2019 với nhiều trang bị đáng giá như thiết kế notch giọt nước hay camera lên tới 48 MP.\r\nHiệu năng mạnh mẽ trải nghiệm game mượt mà\r\nRedmi Note 7 xứng đáng là một trong những chiếc smartphone có hiệu năng tốt, với điểm Antutu đo được khoảng 137586.\r\n\r\nXiaomi Redmi Note 7 4GB 64GB | Điểm Antutu\r\n\r\nNhờ được cung cấp sức mạnh bởi con chip Snapdragon 660 cùng RAM 4 GB, máy chiến mượt mà các dòng game hiện này với cấu hình tầm trung hoặc cao (tuỳ game) như Liên Quân, PUBG,...\r\n\r\nXem thêm: Đánh giá hiệu năng Xiaomi Redmi Note 7: Chiến game ở mức ổn\r\n\r\nXiaomi Redmi Note 7 4GB 64GB | Giao diện Android\r\n\r\nGiao diện Android 9 mới được tuỳ biến đem lại cho Redmi Note 7 nhiều tính năng hỗ trợ: Chia đôi màn hình, Ứng dụng kép, Không gian thứ hai,...\r\n\r\nXiaomi Redmi Note 7 4GB 64GB | Giao diện tính năng\r\n\r\nGiao diện trực quan dễ sử dụng, có thể tuỳ chỉnh phím điều hướng cũng là một ưu điểm của máy.\r\n\r\nThiết kế hiện đại, theo xu thế\r\nChiếc điện thoại Xiaomi mới là một sự lột xác hoàn toàn về thiết kế so với các dòng Redmi trước đây.\r\n\r\nXiaomi Redmi Note 7 4GB 64GB | Thiết kế\r\n\r\nMáy sở hữu cho mình mặt lưng bằng kính phối màu gradient, mang lại cho máy cảm giác cao cấp và sang trọng hơn rất nhiều.\r\n\r\n4 góc máy được tăng cường độ bền đáng kể giúp chống vỡ kính gấp 4 lần so với các smartphone khác trên thị trường hiện nay.\r\n\r\nMàn hình giọt nước thích mắt\r\nXiaomi Redmi Note 7 sở hữu màn hình 6.3 inch của có tỷ lệ khung hình 19.5:9, độ phân giải Full HD+ (2.340 x 1.080 pixel).\r\n\r\nXiaomi Redmi Note 7 4GB 64GB | Màn hình\r\n\r\nThiết kế màn hình theo kiểu giọt nước giúp máy gây ấn tượng cho người dùng ngay từ cái nhìn đầu tiên.\r\n\r\nĐộ sáng của máy cũng khá cao lên tới 450 nits giúp bạn dễ dàng xem nội dung dưới ánh sáng mặt trời và bảo vệ mắt.\r\n\r\nCamera chất lượng tốt trong tầm giá\r\nXiaomi Redmi Note 7 trở thành chiếc điện thoại có camera "khủng" giá rẻ nhất trên thị trường hiện nay với "số chấm" lên tới  48 MP.\r\n\r\nXiaomi Redmi Note 7 4GB 64GB | Ảnh chụp từ camera\r\n\r\nĐi kèm cảm biến phụ 5 MP dùng để lấy dữ liệu chiều sâu trong chế độ chụp ảnh chân dung.\r\n\r\nCamera của máy còn được hỗ trợ bởi AI giúp bạn có được những bức ảnh đẹp mà không cần phải qua hậu kỳ.\r\n\r\nXiaomi Redmi Note 7 4GB 64GB | Ảnh chụp chân dung\r\n\r\nCamera trước cũng được đầu tư mạnh mẽ với độ phân giải 13 MP cũng được tích hợp sẵn chế độ làm đẹp hứa hẹn sẽ không làm các chị em phải thất vọng.\r\n\r\nXem thêm: Đánh giá nhanh camera Redmi Note 7: Liệu có chỉ là chiêu trò như lời đồn?\r\n\r\nDung lượng pin khủng\r\nXiaomi Redmi Note 7 là chiếc điện thoại pin trâu được trang bị viên pin có dung lượng lên tới 4000 mAh cho bạn sử dụng thoải mái cả ngày dài.\r\n\r\nXiaomi Redmi Note 7 4GB 64GB | Trải nghiệm và đánh giá\r\n\r\nMột điểm cộng nữa chính là máy hỗ trợ sạc pin nhanh giúp bạn rút ngắn thời gian nạp đầy năng lượng cho máy đáng kể.\r\n\r\nXiaomi Redmi Note 7 4GB 64GB | Cổng sạc Type-C\r\n\r\nVà máy cũng có một thay đổi đáng kể là đã chuyển sang cổng kết nối USB Type-C thay vì Micro USB như trước'),
	(32, 'Samsung Galaxy S20+ (Plus)', 'SamSung', '/database_ProjectJava2/imgSmartPhone/SamsungGalaxyS20Plus.png', 850, '6.7 in', '3 gb', 'Android', '  -Camera chính: 12 MP, f/1.8, 26mm (wide), Dual Pixel PDAF, OIS - Camera tele: 64 MP, f/2.0, (telep', '10 MP, f/2.2, 26mm (wide), 1/3.2', 'Octa-core (2x2.73 GHz Mongoose M5 & 2x2.60 GHz Cortex-A76 & 4x2.0 GHz Cortex-A55)', '128 Gb', 'Có', '2 sim', '4450 mAh', '2020-08-06 00:00:00', 'Xiaomi Redmi Note 7 4GB/64GB là chiếc smartphone giá rẻ mới được giới thiệu vào đầu năm 2019 với nhiều trang bị đáng giá như thiết kế notch giọt nước hay camera lên tới 48 MP.\r\nHiệu năng mạnh mẽ trải nghiệm game mượt mà\r\nRedmi Note 7 xứng đáng là một trong những chiếc smartphone có hiệu năng tốt, với điểm Antutu đo được khoảng 137586.\r\n\r\nXiaomi Redmi Note 7 4GB 64GB | Điểm Antutu\r\n\r\nNhờ được cung cấp sức mạnh bởi con chip Snapdragon 660 cùng RAM 4 GB, máy chiến mượt mà các dòng game hiện này với cấu hình tầm trung hoặc cao (tuỳ game) như Liên Quân, PUBG,...\r\n\r\nXem thêm: Đánh giá hiệu năng Xiaomi Redmi Note 7: Chiến game ở mức ổn\r\n\r\nXiaomi Redmi Note 7 4GB 64GB | Giao diện Android\r\n\r\nGiao diện Android 9 mới được tuỳ biến đem lại cho Redmi Note 7 nhiều tính năng hỗ trợ: Chia đôi màn hình, Ứng dụng kép, Không gian thứ hai,...\r\n\r\nXiaomi Redmi Note 7 4GB 64GB | Giao diện tính năng\r\n\r\nGiao diện trực quan dễ sử dụng, có thể tuỳ chỉnh phím điều hướng cũng là một ưu điểm của máy.\r\n\r\nThiết kế hiện đại, theo xu thế\r\nChiếc điện thoại Xiaomi mới là một sự lột xác hoàn toàn về thiết kế so với các dòng Redmi trước đây.\r\n\r\nXiaomi Redmi Note 7 4GB 64GB | Thiết kế\r\n\r\nMáy sở hữu cho mình mặt lưng bằng kính phối màu gradient, mang lại cho máy cảm giác cao cấp và sang trọng hơn rất nhiều.\r\n\r\n4 góc máy được tăng cường độ bền đáng kể giúp chống vỡ kính gấp 4 lần so với các smartphone khác trên thị trường hiện nay.\r\n\r\nMàn hình giọt nước thích mắt\r\nXiaomi Redmi Note 7 sở hữu màn hình 6.3 inch của có tỷ lệ khung hình 19.5:9, độ phân giải Full HD+ (2.340 x 1.080 pixel).\r\n\r\nXiaomi Redmi Note 7 4GB 64GB | Màn hình\r\n\r\nThiết kế màn hình theo kiểu giọt nước giúp máy gây ấn tượng cho người dùng ngay từ cái nhìn đầu tiên.\r\n\r\nĐộ sáng của máy cũng khá cao lên tới 450 nits giúp bạn dễ dàng xem nội dung dưới ánh sáng mặt trời và bảo vệ mắt.\r\n\r\nCamera chất lượng tốt trong tầm giá\r\nXiaomi Redmi Note 7 trở thành chiếc điện thoại có camera "khủng" giá rẻ nhất trên thị trường hiện nay với "số chấm" lên tới  48 MP.\r\n\r\nXiaomi Redmi Note 7 4GB 64GB | Ảnh chụp từ camera\r\n\r\nĐi kèm cảm biến phụ 5 MP dùng để lấy dữ liệu chiều sâu trong chế độ chụp ảnh chân dung.\r\n\r\nCamera của máy còn được hỗ trợ bởi AI giúp bạn có được những bức ảnh đẹp mà không cần phải qua hậu kỳ.\r\n\r\nXiaomi Redmi Note 7 4GB 64GB | Ảnh chụp chân dung\r\n\r\nCamera trước cũng được đầu tư mạnh mẽ với độ phân giải 13 MP cũng được tích hợp sẵn chế độ làm đẹp hứa hẹn sẽ không làm các chị em phải thất vọng.\r\n\r\nXem thêm: Đánh giá nhanh camera Redmi Note 7: Liệu có chỉ là chiêu trò như lời đồn?\r\n\r\nDung lượng pin khủng\r\nXiaomi Redmi Note 7 là chiếc điện thoại pin trâu được trang bị viên pin có dung lượng lên tới 4000 mAh cho bạn sử dụng thoải mái cả ngày dài.\r\n\r\nXiaomi Redmi Note 7 4GB 64GB | Trải nghiệm và đánh giá\r\n\r\nMột điểm cộng nữa chính là máy hỗ trợ sạc pin nhanh giúp bạn rút ngắn thời gian nạp đầy năng lượng cho máy đáng kể.\r\n\r\nXiaomi Redmi Note 7 4GB 64GB | Cổng sạc Type-C\r\n\r\nVà máy cũng có một thay đổi đáng kể là đã chuyển sang cổng kết nối USB Type-C thay vì Micro USB như trước'),
	(33, 'Samsung Galaxy S20', 'SamSung', '/database_ProjectJava2/imgSmartPhone/SamsungGalaxyS20.png', 750, '6.2 in', '8 Gb', 'Android', '  Camera chính: 12 MP, f/1.8, 26mm (wide), Dual Pixel PDAF, OIS Camera tele: 64 MP, f/2.0, (telephot', '10 MP, f/2.2, 26mm (wide), 1/3.2', '  Octa-core (2x2.73 GHz Mongoose M5 & 2x2.60 GHz Cortex-A76 & 4x2.0 GHz Cortex-A55)', '128 Gb', 'Có', '2 sim', '4500 mAh', '2020-08-06 00:00:00', 'Xiaomi Redmi Note 7 4GB/64GB là chiếc smartphone giá rẻ mới được giới thiệu vào đầu năm 2019 với nhiều trang bị đáng giá như thiết kế notch giọt nước hay camera lên tới 48 MP.\r\nHiệu năng mạnh mẽ trải nghiệm game mượt mà\r\nRedmi Note 7 xứng đáng là một trong những chiếc smartphone có hiệu năng tốt, với điểm Antutu đo được khoảng 137586.\r\n\r\nXiaomi Redmi Note 7 4GB 64GB | Điểm Antutu\r\n\r\nNhờ được cung cấp sức mạnh bởi con chip Snapdragon 660 cùng RAM 4 GB, máy chiến mượt mà các dòng game hiện này với cấu hình tầm trung hoặc cao (tuỳ game) như Liên Quân, PUBG,...\r\n\r\nXem thêm: Đánh giá hiệu năng Xiaomi Redmi Note 7: Chiến game ở mức ổn\r\n\r\nXiaomi Redmi Note 7 4GB 64GB | Giao diện Android\r\n\r\nGiao diện Android 9 mới được tuỳ biến đem lại cho Redmi Note 7 nhiều tính năng hỗ trợ: Chia đôi màn hình, Ứng dụng kép, Không gian thứ hai,...\r\n\r\nXiaomi Redmi Note 7 4GB 64GB | Giao diện tính năng\r\n\r\nGiao diện trực quan dễ sử dụng, có thể tuỳ chỉnh phím điều hướng cũng là một ưu điểm của máy.\r\n\r\nThiết kế hiện đại, theo xu thế\r\nChiếc điện thoại Xiaomi mới là một sự lột xác hoàn toàn về thiết kế so với các dòng Redmi trước đây.\r\n\r\nXiaomi Redmi Note 7 4GB 64GB | Thiết kế\r\n\r\nMáy sở hữu cho mình mặt lưng bằng kính phối màu gradient, mang lại cho máy cảm giác cao cấp và sang trọng hơn rất nhiều.\r\n\r\n4 góc máy được tăng cường độ bền đáng kể giúp chống vỡ kính gấp 4 lần so với các smartphone khác trên thị trường hiện nay.\r\n\r\nMàn hình giọt nước thích mắt\r\nXiaomi Redmi Note 7 sở hữu màn hình 6.3 inch của có tỷ lệ khung hình 19.5:9, độ phân giải Full HD+ (2.340 x 1.080 pixel).\r\n\r\nXiaomi Redmi Note 7 4GB 64GB | Màn hình\r\n\r\nThiết kế màn hình theo kiểu giọt nước giúp máy gây ấn tượng cho người dùng ngay từ cái nhìn đầu tiên.\r\n\r\nĐộ sáng của máy cũng khá cao lên tới 450 nits giúp bạn dễ dàng xem nội dung dưới ánh sáng mặt trời và bảo vệ mắt.\r\n\r\nCamera chất lượng tốt trong tầm giá\r\nXiaomi Redmi Note 7 trở thành chiếc điện thoại có camera "khủng" giá rẻ nhất trên thị trường hiện nay với "số chấm" lên tới  48 MP.\r\n\r\nXiaomi Redmi Note 7 4GB 64GB | Ảnh chụp từ camera\r\n\r\nĐi kèm cảm biến phụ 5 MP dùng để lấy dữ liệu chiều sâu trong chế độ chụp ảnh chân dung.\r\n\r\nCamera của máy còn được hỗ trợ bởi AI giúp bạn có được những bức ảnh đẹp mà không cần phải qua hậu kỳ.\r\n\r\nXiaomi Redmi Note 7 4GB 64GB | Ảnh chụp chân dung\r\n\r\nCamera trước cũng được đầu tư mạnh mẽ với độ phân giải 13 MP cũng được tích hợp sẵn chế độ làm đẹp hứa hẹn sẽ không làm các chị em phải thất vọng.\r\n\r\nXem thêm: Đánh giá nhanh camera Redmi Note 7: Liệu có chỉ là chiêu trò như lời đồn?\r\n\r\nDung lượng pin khủng\r\nXiaomi Redmi Note 7 là chiếc điện thoại pin trâu được trang bị viên pin có dung lượng lên tới 4000 mAh cho bạn sử dụng thoải mái cả ngày dài.\r\n\r\nXiaomi Redmi Note 7 4GB 64GB | Trải nghiệm và đánh giá\r\n\r\nMột điểm cộng nữa chính là máy hỗ trợ sạc pin nhanh giúp bạn rút ngắn thời gian nạp đầy năng lượng cho máy đáng kể.\r\n\r\nXiaomi Redmi Note 7 4GB 64GB | Cổng sạc Type-C\r\n\r\nVà máy cũng có một thay đổi đáng kể là đã chuyển sang cổng kết nối USB Type-C thay vì Micro USB như trước'),
	(34, 'Samsung Galaxy S9', 'SamSung', '/database_ProjectJava2/imgSmartPhone/SamsungGalaxyS9.png', 999, '6 in', '6 gb', 'Android', '23MP', '12MP', 'snapdragon 950', '64 Gb', 'Có', '2 sim', '4100 mAh', '2020-08-06 00:00:00', 'Xiaomi Redmi Note 7 4GB/64GB là chiếc smartphone giá rẻ mới được giới thiệu vào đầu năm 2019 với nhiều trang bị đáng giá như thiết kế notch giọt nước hay camera lên tới 48 MP.\r\nHiệu năng mạnh mẽ trải nghiệm game mượt mà\r\nRedmi Note 7 xứng đáng là một trong những chiếc smartphone có hiệu năng tốt, với điểm Antutu đo được khoảng 137586.\r\n\r\nXiaomi Redmi Note 7 4GB 64GB | Điểm Antutu\r\n\r\nNhờ được cung cấp sức mạnh bởi con chip Snapdragon 660 cùng RAM 4 GB, máy chiến mượt mà các dòng game hiện này với cấu hình tầm trung hoặc cao (tuỳ game) như Liên Quân, PUBG,...\r\n\r\nXem thêm: Đánh giá hiệu năng Xiaomi Redmi Note 7: Chiến game ở mức ổn\r\n\r\nXiaomi Redmi Note 7 4GB 64GB | Giao diện Android\r\n\r\nGiao diện Android 9 mới được tuỳ biến đem lại cho Redmi Note 7 nhiều tính năng hỗ trợ: Chia đôi màn hình, Ứng dụng kép, Không gian thứ hai,...\r\n\r\nXiaomi Redmi Note 7 4GB 64GB | Giao diện tính năng\r\n\r\nGiao diện trực quan dễ sử dụng, có thể tuỳ chỉnh phím điều hướng cũng là một ưu điểm của máy.\r\n\r\nThiết kế hiện đại, theo xu thế\r\nChiếc điện thoại Xiaomi mới là một sự lột xác hoàn toàn về thiết kế so với các dòng Redmi trước đây.\r\n\r\nXiaomi Redmi Note 7 4GB 64GB | Thiết kế\r\n\r\nMáy sở hữu cho mình mặt lưng bằng kính phối màu gradient, mang lại cho máy cảm giác cao cấp và sang trọng hơn rất nhiều.\r\n\r\n4 góc máy được tăng cường độ bền đáng kể giúp chống vỡ kính gấp 4 lần so với các smartphone khác trên thị trường hiện nay.\r\n\r\nMàn hình giọt nước thích mắt\r\nXiaomi Redmi Note 7 sở hữu màn hình 6.3 inch của có tỷ lệ khung hình 19.5:9, độ phân giải Full HD+ (2.340 x 1.080 pixel).\r\n\r\nXiaomi Redmi Note 7 4GB 64GB | Màn hình\r\n\r\nThiết kế màn hình theo kiểu giọt nước giúp máy gây ấn tượng cho người dùng ngay từ cái nhìn đầu tiên.\r\n\r\nĐộ sáng của máy cũng khá cao lên tới 450 nits giúp bạn dễ dàng xem nội dung dưới ánh sáng mặt trời và bảo vệ mắt.\r\n\r\nCamera chất lượng tốt trong tầm giá\r\nXiaomi Redmi Note 7 trở thành chiếc điện thoại có camera "khủng" giá rẻ nhất trên thị trường hiện nay với "số chấm" lên tới  48 MP.\r\n\r\nXiaomi Redmi Note 7 4GB 64GB | Ảnh chụp từ camera\r\n\r\nĐi kèm cảm biến phụ 5 MP dùng để lấy dữ liệu chiều sâu trong chế độ chụp ảnh chân dung.\r\n\r\nCamera của máy còn được hỗ trợ bởi AI giúp bạn có được những bức ảnh đẹp mà không cần phải qua hậu kỳ.\r\n\r\nXiaomi Redmi Note 7 4GB 64GB | Ảnh chụp chân dung\r\n\r\nCamera trước cũng được đầu tư mạnh mẽ với độ phân giải 13 MP cũng được tích hợp sẵn chế độ làm đẹp hứa hẹn sẽ không làm các chị em phải thất vọng.\r\n\r\nXem thêm: Đánh giá nhanh camera Redmi Note 7: Liệu có chỉ là chiêu trò như lời đồn?\r\n\r\nDung lượng pin khủng\r\nXiaomi Redmi Note 7 là chiếc điện thoại pin trâu được trang bị viên pin có dung lượng lên tới 4000 mAh cho bạn sử dụng thoải mái cả ngày dài.\r\n\r\nXiaomi Redmi Note 7 4GB 64GB | Trải nghiệm và đánh giá\r\n\r\nMột điểm cộng nữa chính là máy hỗ trợ sạc pin nhanh giúp bạn rút ngắn thời gian nạp đầy năng lượng cho máy đáng kể.\r\n\r\nXiaomi Redmi Note 7 4GB 64GB | Cổng sạc Type-C\r\n\r\nVà máy cũng có một thay đổi đáng kể là đã chuyển sang cổng kết nối USB Type-C thay vì Micro USB như trước'),
	(36, 'Iphone XS Max', 'Iphone', '/database_ProjectJava2/imgSmartPhone/IphoneXSMAX.png', 1259, '6.5 in', '4 gb', 'ios', '3 Camera 12MP', '12MP', 'Apple A12 Bionic 6 nhân', '64 Gb', 'Không', 'Nano-Sim', '3969 mAh', '2020-08-06 00:00:00', 'Xiaomi Redmi Note 7 4GB/64GB là chiếc smartphone giá rẻ mới được giới thiệu vào đầu năm 2019 với nhiều trang bị đáng giá như thiết kế notch giọt nước hay camera lên tới 48 MP.\r\nHiệu năng mạnh mẽ trải nghiệm game mượt mà\r\nRedmi Note 7 xứng đáng là một trong những chiếc smartphone có hiệu năng tốt, với điểm Antutu đo được khoảng 137586.\r\n\r\nXiaomi Redmi Note 7 4GB 64GB | Điểm Antutu\r\n\r\nNhờ được cung cấp sức mạnh bởi con chip Snapdragon 660 cùng RAM 4 GB, máy chiến mượt mà các dòng game hiện này với cấu hình tầm trung hoặc cao (tuỳ game) như Liên Quân, PUBG,...\r\n\r\nXem thêm: Đánh giá hiệu năng Xiaomi Redmi Note 7: Chiến game ở mức ổn\r\n\r\nXiaomi Redmi Note 7 4GB 64GB | Giao diện Android\r\n\r\nGiao diện Android 9 mới được tuỳ biến đem lại cho Redmi Note 7 nhiều tính năng hỗ trợ: Chia đôi màn hình, Ứng dụng kép, Không gian thứ hai,...\r\n\r\nXiaomi Redmi Note 7 4GB 64GB | Giao diện tính năng\r\n\r\nGiao diện trực quan dễ sử dụng, có thể tuỳ chỉnh phím điều hướng cũng là một ưu điểm của máy.\r\n\r\nThiết kế hiện đại, theo xu thế\r\nChiếc điện thoại Xiaomi mới là một sự lột xác hoàn toàn về thiết kế so với các dòng Redmi trước đây.\r\n\r\nXiaomi Redmi Note 7 4GB 64GB | Thiết kế\r\n\r\nMáy sở hữu cho mình mặt lưng bằng kính phối màu gradient, mang lại cho máy cảm giác cao cấp và sang trọng hơn rất nhiều.\r\n\r\n4 góc máy được tăng cường độ bền đáng kể giúp chống vỡ kính gấp 4 lần so với các smartphone khác trên thị trường hiện nay.\r\n\r\nMàn hình giọt nước thích mắt\r\nXiaomi Redmi Note 7 sở hữu màn hình 6.3 inch của có tỷ lệ khung hình 19.5:9, độ phân giải Full HD+ (2.340 x 1.080 pixel).\r\n\r\nXiaomi Redmi Note 7 4GB 64GB | Màn hình\r\n\r\nThiết kế màn hình theo kiểu giọt nước giúp máy gây ấn tượng cho người dùng ngay từ cái nhìn đầu tiên.\r\n\r\nĐộ sáng của máy cũng khá cao lên tới 450 nits giúp bạn dễ dàng xem nội dung dưới ánh sáng mặt trời và bảo vệ mắt.\r\n\r\nCamera chất lượng tốt trong tầm giá\r\nXiaomi Redmi Note 7 trở thành chiếc điện thoại có camera "khủng" giá rẻ nhất trên thị trường hiện nay với "số chấm" lên tới  48 MP.\r\n\r\nXiaomi Redmi Note 7 4GB 64GB | Ảnh chụp từ camera\r\n\r\nĐi kèm cảm biến phụ 5 MP dùng để lấy dữ liệu chiều sâu trong chế độ chụp ảnh chân dung.\r\n\r\nCamera của máy còn được hỗ trợ bởi AI giúp bạn có được những bức ảnh đẹp mà không cần phải qua hậu kỳ.\r\n\r\nXiaomi Redmi Note 7 4GB 64GB | Ảnh chụp chân dung\r\n\r\nCamera trước cũng được đầu tư mạnh mẽ với độ phân giải 13 MP cũng được tích hợp sẵn chế độ làm đẹp hứa hẹn sẽ không làm các chị em phải thất vọng.\r\n\r\nXem thêm: Đánh giá nhanh camera Redmi Note 7: Liệu có chỉ là chiêu trò như lời đồn?\r\n\r\nDung lượng pin khủng\r\nXiaomi Redmi Note 7 là chiếc điện thoại pin trâu được trang bị viên pin có dung lượng lên tới 4000 mAh cho bạn sử dụng thoải mái cả ngày dài.\r\n\r\nXiaomi Redmi Note 7 4GB 64GB | Trải nghiệm và đánh giá\r\n\r\nMột điểm cộng nữa chính là máy hỗ trợ sạc pin nhanh giúp bạn rút ngắn thời gian nạp đầy năng lượng cho máy đáng kể.\r\n\r\nXiaomi Redmi Note 7 4GB 64GB | Cổng sạc Type-C\r\n\r\nVà máy cũng có một thay đổi đáng kể là đã chuyển sang cổng kết nối USB Type-C thay vì Micro USB như trước'),
	(35, 'Iphone 11 Pro Max', 'Iphone', '/database_ProjectJava2/imgSmartPhone/Iphone11ProMax.png', 1499, '6.5 in', '4 gb', 'ios', '3 Camera 12MP', '12 Mp', 'snapdragon 555', '64 Gb', 'Không', 'Nano-SIM_eSIM', '3100 Mah', '2020-08-06 00:00:00', 'Xiaomi Redmi Note 7 4GB/64GB là chiếc smartphone giá rẻ mới được giới thiệu vào đầu năm 2019 với nhiều trang bị đáng giá như thiết kế notch giọt nước hay camera lên tới 48 MP.\r\nHiệu năng mạnh mẽ trải nghiệm game mượt mà\r\nRedmi Note 7 xứng đáng là một trong những chiếc smartphone có hiệu năng tốt, với điểm Antutu đo được khoảng 137586.\r\n\r\nXiaomi Redmi Note 7 4GB 64GB | Điểm Antutu\r\n\r\nNhờ được cung cấp sức mạnh bởi con chip Snapdragon 660 cùng RAM 4 GB, máy chiến mượt mà các dòng game hiện này với cấu hình tầm trung hoặc cao (tuỳ game) như Liên Quân, PUBG,...\r\n\r\nXem thêm: Đánh giá hiệu năng Xiaomi Redmi Note 7: Chiến game ở mức ổn\r\n\r\nXiaomi Redmi Note 7 4GB 64GB | Giao diện Android\r\n\r\nGiao diện Android 9 mới được tuỳ biến đem lại cho Redmi Note 7 nhiều tính năng hỗ trợ: Chia đôi màn hình, Ứng dụng kép, Không gian thứ hai,...\r\n\r\nXiaomi Redmi Note 7 4GB 64GB | Giao diện tính năng\r\n\r\nGiao diện trực quan dễ sử dụng, có thể tuỳ chỉnh phím điều hướng cũng là một ưu điểm của máy.\r\n\r\nThiết kế hiện đại, theo xu thế\r\nChiếc điện thoại Xiaomi mới là một sự lột xác hoàn toàn về thiết kế so với các dòng Redmi trước đây.\r\n\r\nXiaomi Redmi Note 7 4GB 64GB | Thiết kế\r\n\r\nMáy sở hữu cho mình mặt lưng bằng kính phối màu gradient, mang lại cho máy cảm giác cao cấp và sang trọng hơn rất nhiều.\r\n\r\n4 góc máy được tăng cường độ bền đáng kể giúp chống vỡ kính gấp 4 lần so với các smartphone khác trên thị trường hiện nay.\r\n\r\nMàn hình giọt nước thích mắt\r\nXiaomi Redmi Note 7 sở hữu màn hình 6.3 inch của có tỷ lệ khung hình 19.5:9, độ phân giải Full HD+ (2.340 x 1.080 pixel).\r\n\r\nXiaomi Redmi Note 7 4GB 64GB | Màn hình\r\n\r\nThiết kế màn hình theo kiểu giọt nước giúp máy gây ấn tượng cho người dùng ngay từ cái nhìn đầu tiên.\r\n\r\nĐộ sáng của máy cũng khá cao lên tới 450 nits giúp bạn dễ dàng xem nội dung dưới ánh sáng mặt trời và bảo vệ mắt.\r\n\r\nCamera chất lượng tốt trong tầm giá\r\nXiaomi Redmi Note 7 trở thành chiếc điện thoại có camera "khủng" giá rẻ nhất trên thị trường hiện nay với "số chấm" lên tới  48 MP.\r\n\r\nXiaomi Redmi Note 7 4GB 64GB | Ảnh chụp từ camera\r\n\r\nĐi kèm cảm biến phụ 5 MP dùng để lấy dữ liệu chiều sâu trong chế độ chụp ảnh chân dung.\r\n\r\nCamera của máy còn được hỗ trợ bởi AI giúp bạn có được những bức ảnh đẹp mà không cần phải qua hậu kỳ.\r\n\r\nXiaomi Redmi Note 7 4GB 64GB | Ảnh chụp chân dung\r\n\r\nCamera trước cũng được đầu tư mạnh mẽ với độ phân giải 13 MP cũng được tích hợp sẵn chế độ làm đẹp hứa hẹn sẽ không làm các chị em phải thất vọng.\r\n\r\nXem thêm: Đánh giá nhanh camera Redmi Note 7: Liệu có chỉ là chiêu trò như lời đồn?\r\n\r\nDung lượng pin khủng\r\nXiaomi Redmi Note 7 là chiếc điện thoại pin trâu được trang bị viên pin có dung lượng lên tới 4000 mAh cho bạn sử dụng thoải mái cả ngày dài.\r\n\r\nXiaomi Redmi Note 7 4GB 64GB | Trải nghiệm và đánh giá\r\n\r\nMột điểm cộng nữa chính là máy hỗ trợ sạc pin nhanh giúp bạn rút ngắn thời gian nạp đầy năng lượng cho máy đáng kể.\r\n\r\nXiaomi Redmi Note 7 4GB 64GB | Cổng sạc Type-C\r\n\r\nVà máy cũng có một thay đổi đáng kể là đã chuyển sang cổng kết nối USB Type-C thay vì Micro USB như trước'),
	(37, 'Huawei P40', 'Huawei', '/database_ProjectJava2/imgSmartPhone/HuaweiP40.png', 340, '6 in', '4 gb', 'Android', '23MP', '12MP', 'snapdragon 650', '32gb', 'Có', '2 sim', '3800 mAh', '2020-08-06 00:00:00', 'Xiaomi Redmi Note 7 4GB/64GB là chiếc smartphone giá rẻ mới được giới thiệu vào đầu năm 2019 với nhiều trang bị đáng giá như thiết kế notch giọt nước hay camera lên tới 48 MP.\r\nHiệu năng mạnh mẽ trải nghiệm game mượt mà\r\nRedmi Note 7 xứng đáng là một trong những chiếc smartphone có hiệu năng tốt, với điểm Antutu đo được khoảng 137586.\r\n\r\nXiaomi Redmi Note 7 4GB 64GB | Điểm Antutu\r\n\r\nNhờ được cung cấp sức mạnh bởi con chip Snapdragon 660 cùng RAM 4 GB, máy chiến mượt mà các dòng game hiện này với cấu hình tầm trung hoặc cao (tuỳ game) như Liên Quân, PUBG,...\r\n\r\nXem thêm: Đánh giá hiệu năng Xiaomi Redmi Note 7: Chiến game ở mức ổn\r\n\r\nXiaomi Redmi Note 7 4GB 64GB | Giao diện Android\r\n\r\nGiao diện Android 9 mới được tuỳ biến đem lại cho Redmi Note 7 nhiều tính năng hỗ trợ: Chia đôi màn hình, Ứng dụng kép, Không gian thứ hai,...\r\n\r\nXiaomi Redmi Note 7 4GB 64GB | Giao diện tính năng\r\n\r\nGiao diện trực quan dễ sử dụng, có thể tuỳ chỉnh phím điều hướng cũng là một ưu điểm của máy.\r\n\r\nThiết kế hiện đại, theo xu thế\r\nChiếc điện thoại Xiaomi mới là một sự lột xác hoàn toàn về thiết kế so với các dòng Redmi trước đây.\r\n\r\nXiaomi Redmi Note 7 4GB 64GB | Thiết kế\r\n\r\nMáy sở hữu cho mình mặt lưng bằng kính phối màu gradient, mang lại cho máy cảm giác cao cấp và sang trọng hơn rất nhiều.\r\n\r\n4 góc máy được tăng cường độ bền đáng kể giúp chống vỡ kính gấp 4 lần so với các smartphone khác trên thị trường hiện nay.\r\n\r\nMàn hình giọt nước thích mắt\r\nXiaomi Redmi Note 7 sở hữu màn hình 6.3 inch của có tỷ lệ khung hình 19.5:9, độ phân giải Full HD+ (2.340 x 1.080 pixel).\r\n\r\nXiaomi Redmi Note 7 4GB 64GB | Màn hình\r\n\r\nThiết kế màn hình theo kiểu giọt nước giúp máy gây ấn tượng cho người dùng ngay từ cái nhìn đầu tiên.\r\n\r\nĐộ sáng của máy cũng khá cao lên tới 450 nits giúp bạn dễ dàng xem nội dung dưới ánh sáng mặt trời và bảo vệ mắt.\r\n\r\nCamera chất lượng tốt trong tầm giá\r\nXiaomi Redmi Note 7 trở thành chiếc điện thoại có camera "khủng" giá rẻ nhất trên thị trường hiện nay với "số chấm" lên tới  48 MP.\r\n\r\nXiaomi Redmi Note 7 4GB 64GB | Ảnh chụp từ camera\r\n\r\nĐi kèm cảm biến phụ 5 MP dùng để lấy dữ liệu chiều sâu trong chế độ chụp ảnh chân dung.\r\n\r\nCamera của máy còn được hỗ trợ bởi AI giúp bạn có được những bức ảnh đẹp mà không cần phải qua hậu kỳ.\r\n\r\nXiaomi Redmi Note 7 4GB 64GB | Ảnh chụp chân dung\r\n\r\nCamera trước cũng được đầu tư mạnh mẽ với độ phân giải 13 MP cũng được tích hợp sẵn chế độ làm đẹp hứa hẹn sẽ không làm các chị em phải thất vọng.\r\n\r\nXem thêm: Đánh giá nhanh camera Redmi Note 7: Liệu có chỉ là chiêu trò như lời đồn?\r\n\r\nDung lượng pin khủng\r\nXiaomi Redmi Note 7 là chiếc điện thoại pin trâu được trang bị viên pin có dung lượng lên tới 4000 mAh cho bạn sử dụng thoải mái cả ngày dài.\r\n\r\nXiaomi Redmi Note 7 4GB 64GB | Trải nghiệm và đánh giá\r\n\r\nMột điểm cộng nữa chính là máy hỗ trợ sạc pin nhanh giúp bạn rút ngắn thời gian nạp đầy năng lượng cho máy đáng kể.\r\n\r\nXiaomi Redmi Note 7 4GB 64GB | Cổng sạc Type-C\r\n\r\nVà máy cũng có một thay đổi đáng kể là đã chuyển sang cổng kết nối USB Type-C thay vì Micro USB như trước'),
	(38, 'Huawei P40pro', 'Huawei', '/database_ProjectJava2/imgSmartPhone/HuaweiP40pro.png', 150, '4.6 in', '2 gb', 'Android', '11MP', '12MP', 'snapdragon 555', '32gb', 'Có', '2 sim', '2500 mAh', '2020-08-06 00:00:00', 'Xiaomi Redmi Note 7 4GB/64GB là chiếc smartphone giá rẻ mới được giới thiệu vào đầu năm 2019 với nhiều trang bị đáng giá như thiết kế notch giọt nước hay camera lên tới 48 MP.\r\nHiệu năng mạnh mẽ trải nghiệm game mượt mà\r\nRedmi Note 7 xứng đáng là một trong những chiếc smartphone có hiệu năng tốt, với điểm Antutu đo được khoảng 137586.\r\n\r\nXiaomi Redmi Note 7 4GB 64GB | Điểm Antutu\r\n\r\nNhờ được cung cấp sức mạnh bởi con chip Snapdragon 660 cùng RAM 4 GB, máy chiến mượt mà các dòng game hiện này với cấu hình tầm trung hoặc cao (tuỳ game) như Liên Quân, PUBG,...\r\n\r\nXem thêm: Đánh giá hiệu năng Xiaomi Redmi Note 7: Chiến game ở mức ổn\r\n\r\nXiaomi Redmi Note 7 4GB 64GB | Giao diện Android\r\n\r\nGiao diện Android 9 mới được tuỳ biến đem lại cho Redmi Note 7 nhiều tính năng hỗ trợ: Chia đôi màn hình, Ứng dụng kép, Không gian thứ hai,...\r\n\r\nXiaomi Redmi Note 7 4GB 64GB | Giao diện tính năng\r\n\r\nGiao diện trực quan dễ sử dụng, có thể tuỳ chỉnh phím điều hướng cũng là một ưu điểm của máy.\r\n\r\nThiết kế hiện đại, theo xu thế\r\nChiếc điện thoại Xiaomi mới là một sự lột xác hoàn toàn về thiết kế so với các dòng Redmi trước đây.\r\n\r\nXiaomi Redmi Note 7 4GB 64GB | Thiết kế\r\n\r\nMáy sở hữu cho mình mặt lưng bằng kính phối màu gradient, mang lại cho máy cảm giác cao cấp và sang trọng hơn rất nhiều.\r\n\r\n4 góc máy được tăng cường độ bền đáng kể giúp chống vỡ kính gấp 4 lần so với các smartphone khác trên thị trường hiện nay.\r\n\r\nMàn hình giọt nước thích mắt\r\nXiaomi Redmi Note 7 sở hữu màn hình 6.3 inch của có tỷ lệ khung hình 19.5:9, độ phân giải Full HD+ (2.340 x 1.080 pixel).\r\n\r\nXiaomi Redmi Note 7 4GB 64GB | Màn hình\r\n\r\nThiết kế màn hình theo kiểu giọt nước giúp máy gây ấn tượng cho người dùng ngay từ cái nhìn đầu tiên.\r\n\r\nĐộ sáng của máy cũng khá cao lên tới 450 nits giúp bạn dễ dàng xem nội dung dưới ánh sáng mặt trời và bảo vệ mắt.\r\n\r\nCamera chất lượng tốt trong tầm giá\r\nXiaomi Redmi Note 7 trở thành chiếc điện thoại có camera "khủng" giá rẻ nhất trên thị trường hiện nay với "số chấm" lên tới  48 MP.\r\n\r\nXiaomi Redmi Note 7 4GB 64GB | Ảnh chụp từ camera\r\n\r\nĐi kèm cảm biến phụ 5 MP dùng để lấy dữ liệu chiều sâu trong chế độ chụp ảnh chân dung.\r\n\r\nCamera của máy còn được hỗ trợ bởi AI giúp bạn có được những bức ảnh đẹp mà không cần phải qua hậu kỳ.\r\n\r\nXiaomi Redmi Note 7 4GB 64GB | Ảnh chụp chân dung\r\n\r\nCamera trước cũng được đầu tư mạnh mẽ với độ phân giải 13 MP cũng được tích hợp sẵn chế độ làm đẹp hứa hẹn sẽ không làm các chị em phải thất vọng.\r\n\r\nXem thêm: Đánh giá nhanh camera Redmi Note 7: Liệu có chỉ là chiêu trò như lời đồn?\r\n\r\nDung lượng pin khủng\r\nXiaomi Redmi Note 7 là chiếc điện thoại pin trâu được trang bị viên pin có dung lượng lên tới 4000 mAh cho bạn sử dụng thoải mái cả ngày dài.\r\n\r\nXiaomi Redmi Note 7 4GB 64GB | Trải nghiệm và đánh giá\r\n\r\nMột điểm cộng nữa chính là máy hỗ trợ sạc pin nhanh giúp bạn rút ngắn thời gian nạp đầy năng lượng cho máy đáng kể.\r\n\r\nXiaomi Redmi Note 7 4GB 64GB | Cổng sạc Type-C\r\n\r\nVà máy cũng có một thay đổi đáng kể là đã chuyển sang cổng kết nối USB Type-C thay vì Micro USB như trước'),
	(44, 'Huawei Y9sb', 'Huawei', '/database_ProjectJava2/imgSmartPhone/HuaweiY9sb.png', 199, '6 in', '4 gb', 'Android', '23MP', '12MP', 'snapdragon 555', '64 Gb', 'Có', '2 sim', '3000 mAh', '2020-08-06 00:00:00', 'Xiaomi Redmi Note 7 4GB/64GB là chiếc smartphone giá rẻ mới được giới thiệu vào đầu năm 2019 với nhiều trang bị đáng giá như thiết kế notch giọt nước hay camera lên tới 48 MP.\r\nHiệu năng mạnh mẽ trải nghiệm game mượt mà\r\nRedmi Note 7 xứng đáng là một trong những chiếc smartphone có hiệu năng tốt, với điểm Antutu đo được khoảng 137586.\r\n\r\nXiaomi Redmi Note 7 4GB 64GB | Điểm Antutu\r\n\r\nNhờ được cung cấp sức mạnh bởi con chip Snapdragon 660 cùng RAM 4 GB, máy chiến mượt mà các dòng game hiện này với cấu hình tầm trung hoặc cao (tuỳ game) như Liên Quân, PUBG,...\r\n\r\nXem thêm: Đánh giá hiệu năng Xiaomi Redmi Note 7: Chiến game ở mức ổn\r\n\r\nXiaomi Redmi Note 7 4GB 64GB | Giao diện Android\r\n\r\nGiao diện Android 9 mới được tuỳ biến đem lại cho Redmi Note 7 nhiều tính năng hỗ trợ: Chia đôi màn hình, Ứng dụng kép, Không gian thứ hai,...\r\n\r\nXiaomi Redmi Note 7 4GB 64GB | Giao diện tính năng\r\n\r\nGiao diện trực quan dễ sử dụng, có thể tuỳ chỉnh phím điều hướng cũng là một ưu điểm của máy.\r\n\r\nThiết kế hiện đại, theo xu thế\r\nChiếc điện thoại Xiaomi mới là một sự lột xác hoàn toàn về thiết kế so với các dòng Redmi trước đây.\r\n\r\nXiaomi Redmi Note 7 4GB 64GB | Thiết kế\r\n\r\nMáy sở hữu cho mình mặt lưng bằng kính phối màu gradient, mang lại cho máy cảm giác cao cấp và sang trọng hơn rất nhiều.\r\n\r\n4 góc máy được tăng cường độ bền đáng kể giúp chống vỡ kính gấp 4 lần so với các smartphone khác trên thị trường hiện nay.\r\n\r\nMàn hình giọt nước thích mắt\r\nXiaomi Redmi Note 7 sở hữu màn hình 6.3 inch của có tỷ lệ khung hình 19.5:9, độ phân giải Full HD+ (2.340 x 1.080 pixel).\r\n\r\nXiaomi Redmi Note 7 4GB 64GB | Màn hình\r\n\r\nThiết kế màn hình theo kiểu giọt nước giúp máy gây ấn tượng cho người dùng ngay từ cái nhìn đầu tiên.\r\n\r\nĐộ sáng của máy cũng khá cao lên tới 450 nits giúp bạn dễ dàng xem nội dung dưới ánh sáng mặt trời và bảo vệ mắt.\r\n\r\nCamera chất lượng tốt trong tầm giá\r\nXiaomi Redmi Note 7 trở thành chiếc điện thoại có camera "khủng" giá rẻ nhất trên thị trường hiện nay với "số chấm" lên tới  48 MP.\r\n\r\nXiaomi Redmi Note 7 4GB 64GB | Ảnh chụp từ camera\r\n\r\nĐi kèm cảm biến phụ 5 MP dùng để lấy dữ liệu chiều sâu trong chế độ chụp ảnh chân dung.\r\n\r\nCamera của máy còn được hỗ trợ bởi AI giúp bạn có được những bức ảnh đẹp mà không cần phải qua hậu kỳ.\r\n\r\nXiaomi Redmi Note 7 4GB 64GB | Ảnh chụp chân dung\r\n\r\nCamera trước cũng được đầu tư mạnh mẽ với độ phân giải 13 MP cũng được tích hợp sẵn chế độ làm đẹp hứa hẹn sẽ không làm các chị em phải thất vọng.\r\n\r\nXem thêm: Đánh giá nhanh camera Redmi Note 7: Liệu có chỉ là chiêu trò như lời đồn?\r\n\r\nDung lượng pin khủng\r\nXiaomi Redmi Note 7 là chiếc điện thoại pin trâu được trang bị viên pin có dung lượng lên tới 4000 mAh cho bạn sử dụng thoải mái cả ngày dài.\r\n\r\nXiaomi Redmi Note 7 4GB 64GB | Trải nghiệm và đánh giá\r\n\r\nMột điểm cộng nữa chính là máy hỗ trợ sạc pin nhanh giúp bạn rút ngắn thời gian nạp đầy năng lượng cho máy đáng kể.\r\n\r\nXiaomi Redmi Note 7 4GB 64GB | Cổng sạc Type-C\r\n\r\nVà máy cũng có một thay đổi đáng kể là đã chuyển sang cổng kết nối USB Type-C thay vì Micro USB như trước'),
	(45, 'Oppo Reno4', 'Oppo', '/database_ProjectJava2/imgSmartPhone/OppoReno4.png', 99, '4.1 in', '4 gb', 'Android', '23MP', '12MP', 'snapdragon 555', '32gb', 'Có', '2 sim', '3100 mAh', '2020-08-06 00:00:00', 'Xiaomi Redmi Note 7 4GB/64GB là chiếc smartphone giá rẻ mới được giới thiệu vào đầu năm 2019 với nhiều trang bị đáng giá như thiết kế notch giọt nước hay camera lên tới 48 MP.\r\nHiệu năng mạnh mẽ trải nghiệm game mượt mà\r\nRedmi Note 7 xứng đáng là một trong những chiếc smartphone có hiệu năng tốt, với điểm Antutu đo được khoảng 137586.\r\n\r\nXiaomi Redmi Note 7 4GB 64GB | Điểm Antutu\r\n\r\nNhờ được cung cấp sức mạnh bởi con chip Snapdragon 660 cùng RAM 4 GB, máy chiến mượt mà các dòng game hiện này với cấu hình tầm trung hoặc cao (tuỳ game) như Liên Quân, PUBG,...\r\n\r\nXem thêm: Đánh giá hiệu năng Xiaomi Redmi Note 7: Chiến game ở mức ổn\r\n\r\nXiaomi Redmi Note 7 4GB 64GB | Giao diện Android\r\n\r\nGiao diện Android 9 mới được tuỳ biến đem lại cho Redmi Note 7 nhiều tính năng hỗ trợ: Chia đôi màn hình, Ứng dụng kép, Không gian thứ hai,...\r\n\r\nXiaomi Redmi Note 7 4GB 64GB | Giao diện tính năng\r\n\r\nGiao diện trực quan dễ sử dụng, có thể tuỳ chỉnh phím điều hướng cũng là một ưu điểm của máy.\r\n\r\nThiết kế hiện đại, theo xu thế\r\nChiếc điện thoại Xiaomi mới là một sự lột xác hoàn toàn về thiết kế so với các dòng Redmi trước đây.\r\n\r\nXiaomi Redmi Note 7 4GB 64GB | Thiết kế\r\n\r\nMáy sở hữu cho mình mặt lưng bằng kính phối màu gradient, mang lại cho máy cảm giác cao cấp và sang trọng hơn rất nhiều.\r\n\r\n4 góc máy được tăng cường độ bền đáng kể giúp chống vỡ kính gấp 4 lần so với các smartphone khác trên thị trường hiện nay.\r\n\r\nMàn hình giọt nước thích mắt\r\nXiaomi Redmi Note 7 sở hữu màn hình 6.3 inch của có tỷ lệ khung hình 19.5:9, độ phân giải Full HD+ (2.340 x 1.080 pixel).\r\n\r\nXiaomi Redmi Note 7 4GB 64GB | Màn hình\r\n\r\nThiết kế màn hình theo kiểu giọt nước giúp máy gây ấn tượng cho người dùng ngay từ cái nhìn đầu tiên.\r\n\r\nĐộ sáng của máy cũng khá cao lên tới 450 nits giúp bạn dễ dàng xem nội dung dưới ánh sáng mặt trời và bảo vệ mắt.\r\n\r\nCamera chất lượng tốt trong tầm giá\r\nXiaomi Redmi Note 7 trở thành chiếc điện thoại có camera "khủng" giá rẻ nhất trên thị trường hiện nay với "số chấm" lên tới  48 MP.\r\n\r\nXiaomi Redmi Note 7 4GB 64GB | Ảnh chụp từ camera\r\n\r\nĐi kèm cảm biến phụ 5 MP dùng để lấy dữ liệu chiều sâu trong chế độ chụp ảnh chân dung.\r\n\r\nCamera của máy còn được hỗ trợ bởi AI giúp bạn có được những bức ảnh đẹp mà không cần phải qua hậu kỳ.\r\n\r\nXiaomi Redmi Note 7 4GB 64GB | Ảnh chụp chân dung\r\n\r\nCamera trước cũng được đầu tư mạnh mẽ với độ phân giải 13 MP cũng được tích hợp sẵn chế độ làm đẹp hứa hẹn sẽ không làm các chị em phải thất vọng.\r\n\r\nXem thêm: Đánh giá nhanh camera Redmi Note 7: Liệu có chỉ là chiêu trò như lời đồn?\r\n\r\nDung lượng pin khủng\r\nXiaomi Redmi Note 7 là chiếc điện thoại pin trâu được trang bị viên pin có dung lượng lên tới 4000 mAh cho bạn sử dụng thoải mái cả ngày dài.\r\n\r\nXiaomi Redmi Note 7 4GB 64GB | Trải nghiệm và đánh giá\r\n\r\nMột điểm cộng nữa chính là máy hỗ trợ sạc pin nhanh giúp bạn rút ngắn thời gian nạp đầy năng lượng cho máy đáng kể.\r\n\r\nXiaomi Redmi Note 7 4GB 64GB | Cổng sạc Type-C\r\n\r\nVà máy cũng có một thay đổi đáng kể là đã chuyển sang cổng kết nối USB Type-C thay vì Micro USB như trước'),
	(46, 'Oppo Reno4pro', 'Oppo', '/database_ProjectJava2/imgSmartPhone/OppoReno4pro.png', 199, '6 in', '3 gb', 'Android', '23MP', '12MP', 'snapdragon 555', '64 Gb', 'Có', '2 sim', '3000 mAh', '2020-08-06 00:00:00', 'Xiaomi Redmi Note 7 4GB/64GB là chiếc smartphone giá rẻ mới được giới thiệu vào đầu năm 2019 với nhiều trang bị đáng giá như thiết kế notch giọt nước hay camera lên tới 48 MP.\r\nHiệu năng mạnh mẽ trải nghiệm game mượt mà\r\nRedmi Note 7 xứng đáng là một trong những chiếc smartphone có hiệu năng tốt, với điểm Antutu đo được khoảng 137586.\r\n\r\nXiaomi Redmi Note 7 4GB 64GB | Điểm Antutu\r\n\r\nNhờ được cung cấp sức mạnh bởi con chip Snapdragon 660 cùng RAM 4 GB, máy chiến mượt mà các dòng game hiện này với cấu hình tầm trung hoặc cao (tuỳ game) như Liên Quân, PUBG,...\r\n\r\nXem thêm: Đánh giá hiệu năng Xiaomi Redmi Note 7: Chiến game ở mức ổn\r\n\r\nXiaomi Redmi Note 7 4GB 64GB | Giao diện Android\r\n\r\nGiao diện Android 9 mới được tuỳ biến đem lại cho Redmi Note 7 nhiều tính năng hỗ trợ: Chia đôi màn hình, Ứng dụng kép, Không gian thứ hai,...\r\n\r\nXiaomi Redmi Note 7 4GB 64GB | Giao diện tính năng\r\n\r\nGiao diện trực quan dễ sử dụng, có thể tuỳ chỉnh phím điều hướng cũng là một ưu điểm của máy.\r\n\r\nThiết kế hiện đại, theo xu thế\r\nChiếc điện thoại Xiaomi mới là một sự lột xác hoàn toàn về thiết kế so với các dòng Redmi trước đây.\r\n\r\nXiaomi Redmi Note 7 4GB 64GB | Thiết kế\r\n\r\nMáy sở hữu cho mình mặt lưng bằng kính phối màu gradient, mang lại cho máy cảm giác cao cấp và sang trọng hơn rất nhiều.\r\n\r\n4 góc máy được tăng cường độ bền đáng kể giúp chống vỡ kính gấp 4 lần so với các smartphone khác trên thị trường hiện nay.\r\n\r\nMàn hình giọt nước thích mắt\r\nXiaomi Redmi Note 7 sở hữu màn hình 6.3 inch của có tỷ lệ khung hình 19.5:9, độ phân giải Full HD+ (2.340 x 1.080 pixel).\r\n\r\nXiaomi Redmi Note 7 4GB 64GB | Màn hình\r\n\r\nThiết kế màn hình theo kiểu giọt nước giúp máy gây ấn tượng cho người dùng ngay từ cái nhìn đầu tiên.\r\n\r\nĐộ sáng của máy cũng khá cao lên tới 450 nits giúp bạn dễ dàng xem nội dung dưới ánh sáng mặt trời và bảo vệ mắt.\r\n\r\nCamera chất lượng tốt trong tầm giá\r\nXiaomi Redmi Note 7 trở thành chiếc điện thoại có camera "khủng" giá rẻ nhất trên thị trường hiện nay với "số chấm" lên tới  48 MP.\r\n\r\nXiaomi Redmi Note 7 4GB 64GB | Ảnh chụp từ camera\r\n\r\nĐi kèm cảm biến phụ 5 MP dùng để lấy dữ liệu chiều sâu trong chế độ chụp ảnh chân dung.\r\n\r\nCamera của máy còn được hỗ trợ bởi AI giúp bạn có được những bức ảnh đẹp mà không cần phải qua hậu kỳ.\r\n\r\nXiaomi Redmi Note 7 4GB 64GB | Ảnh chụp chân dung\r\n\r\nCamera trước cũng được đầu tư mạnh mẽ với độ phân giải 13 MP cũng được tích hợp sẵn chế độ làm đẹp hứa hẹn sẽ không làm các chị em phải thất vọng.\r\n\r\nXem thêm: Đánh giá nhanh camera Redmi Note 7: Liệu có chỉ là chiêu trò như lời đồn?\r\n\r\nDung lượng pin khủng\r\nXiaomi Redmi Note 7 là chiếc điện thoại pin trâu được trang bị viên pin có dung lượng lên tới 4000 mAh cho bạn sử dụng thoải mái cả ngày dài.\r\n\r\nXiaomi Redmi Note 7 4GB 64GB | Trải nghiệm và đánh giá\r\n\r\nMột điểm cộng nữa chính là máy hỗ trợ sạc pin nhanh giúp bạn rút ngắn thời gian nạp đầy năng lượng cho máy đáng kể.\r\n\r\nXiaomi Redmi Note 7 4GB 64GB | Cổng sạc Type-C\r\n\r\nVà máy cũng có một thay đổi đáng kể là đã chuyển sang cổng kết nối USB Type-C thay vì Micro USB như trước'),
	(47, 'Xiaomi Mi 5s', 'Xiaomi', '/database_ProjectJava2/imgSmartPhone/XiaomiMi5s.png', 199, '6 in', '3 gb', 'Android', '23px', '12MP', 'snapdragon 555', '64 Gb', 'Có', '2 sim', '4000 mAh', '2020-08-06 00:00:00', 'Xiaomi Redmi Note 7 4GB/64GB là chiếc smartphone giá rẻ mới được giới thiệu vào đầu năm 2019 với nhiều trang bị đáng giá như thiết kế notch giọt nước hay camera lên tới 48 MP.\r\nHiệu năng mạnh mẽ trải nghiệm game mượt mà\r\nRedmi Note 7 xứng đáng là một trong những chiếc smartphone có hiệu năng tốt, với điểm Antutu đo được khoảng 137586.\r\n\r\nXiaomi Redmi Note 7 4GB 64GB | Điểm Antutu\r\n\r\nNhờ được cung cấp sức mạnh bởi con chip Snapdragon 660 cùng RAM 4 GB, máy chiến mượt mà các dòng game hiện này với cấu hình tầm trung hoặc cao (tuỳ game) như Liên Quân, PUBG,...\r\n\r\nXem thêm: Đánh giá hiệu năng Xiaomi Redmi Note 7: Chiến game ở mức ổn\r\n\r\nXiaomi Redmi Note 7 4GB 64GB | Giao diện Android\r\n\r\nGiao diện Android 9 mới được tuỳ biến đem lại cho Redmi Note 7 nhiều tính năng hỗ trợ: Chia đôi màn hình, Ứng dụng kép, Không gian thứ hai,...\r\n\r\nXiaomi Redmi Note 7 4GB 64GB | Giao diện tính năng\r\n\r\nGiao diện trực quan dễ sử dụng, có thể tuỳ chỉnh phím điều hướng cũng là một ưu điểm của máy.\r\n\r\nThiết kế hiện đại, theo xu thế\r\nChiếc điện thoại Xiaomi mới là một sự lột xác hoàn toàn về thiết kế so với các dòng Redmi trước đây.\r\n\r\nXiaomi Redmi Note 7 4GB 64GB | Thiết kế\r\n\r\nMáy sở hữu cho mình mặt lưng bằng kính phối màu gradient, mang lại cho máy cảm giác cao cấp và sang trọng hơn rất nhiều.\r\n\r\n4 góc máy được tăng cường độ bền đáng kể giúp chống vỡ kính gấp 4 lần so với các smartphone khác trên thị trường hiện nay.\r\n\r\nMàn hình giọt nước thích mắt\r\nXiaomi Redmi Note 7 sở hữu màn hình 6.3 inch của có tỷ lệ khung hình 19.5:9, độ phân giải Full HD+ (2.340 x 1.080 pixel).\r\n\r\nXiaomi Redmi Note 7 4GB 64GB | Màn hình\r\n\r\nThiết kế màn hình theo kiểu giọt nước giúp máy gây ấn tượng cho người dùng ngay từ cái nhìn đầu tiên.\r\n\r\nĐộ sáng của máy cũng khá cao lên tới 450 nits giúp bạn dễ dàng xem nội dung dưới ánh sáng mặt trời và bảo vệ mắt.\r\n\r\nCamera chất lượng tốt trong tầm giá\r\nXiaomi Redmi Note 7 trở thành chiếc điện thoại có camera "khủng" giá rẻ nhất trên thị trường hiện nay với "số chấm" lên tới  48 MP.\r\n\r\nXiaomi Redmi Note 7 4GB 64GB | Ảnh chụp từ camera\r\n\r\nĐi kèm cảm biến phụ 5 MP dùng để lấy dữ liệu chiều sâu trong chế độ chụp ảnh chân dung.\r\n\r\nCamera của máy còn được hỗ trợ bởi AI giúp bạn có được những bức ảnh đẹp mà không cần phải qua hậu kỳ.\r\n\r\nXiaomi Redmi Note 7 4GB 64GB | Ảnh chụp chân dung\r\n\r\nCamera trước cũng được đầu tư mạnh mẽ với độ phân giải 13 MP cũng được tích hợp sẵn chế độ làm đẹp hứa hẹn sẽ không làm các chị em phải thất vọng.\r\n\r\nXem thêm: Đánh giá nhanh camera Redmi Note 7: Liệu có chỉ là chiêu trò như lời đồn?\r\n\r\nDung lượng pin khủng\r\nXiaomi Redmi Note 7 là chiếc điện thoại pin trâu được trang bị viên pin có dung lượng lên tới 4000 mAh cho bạn sử dụng thoải mái cả ngày dài.\r\n\r\nXiaomi Redmi Note 7 4GB 64GB | Trải nghiệm và đánh giá\r\n\r\nMột điểm cộng nữa chính là máy hỗ trợ sạc pin nhanh giúp bạn rút ngắn thời gian nạp đầy năng lượng cho máy đáng kể.\r\n\r\nXiaomi Redmi Note 7 4GB 64GB | Cổng sạc Type-C\r\n\r\nVà máy cũng có một thay đổi đáng kể là đã chuyển sang cổng kết nối USB Type-C thay vì Micro USB như trước'),
	(48, 'Xiaomi Redmi Note 6pro', 'Xiaomi', '/database_ProjectJava2/imgSmartPhone/XiaomiRedmiNote6pro.png', 299, '6 in', '3 gb', 'Android', '23MP', '12MP', 'snapdragon 555', '32gb', 'Có', '2 sim', '3000 mAh', '2020-08-06 00:00:00', 'Xiaomi Redmi Note 7 4GB/64GB là chiếc smartphone giá rẻ mới được giới thiệu vào đầu năm 2019 với nhiều trang bị đáng giá như thiết kế notch giọt nước hay camera lên tới 48 MP.\r\nHiệu năng mạnh mẽ trải nghiệm game mượt mà\r\nRedmi Note 7 xứng đáng là một trong những chiếc smartphone có hiệu năng tốt, với điểm Antutu đo được khoảng 137586.\r\n\r\nXiaomi Redmi Note 7 4GB 64GB | Điểm Antutu\r\n\r\nNhờ được cung cấp sức mạnh bởi con chip Snapdragon 660 cùng RAM 4 GB, máy chiến mượt mà các dòng game hiện này với cấu hình tầm trung hoặc cao (tuỳ game) như Liên Quân, PUBG,...\r\n\r\nXem thêm: Đánh giá hiệu năng Xiaomi Redmi Note 7: Chiến game ở mức ổn\r\n\r\nXiaomi Redmi Note 7 4GB 64GB | Giao diện Android\r\n\r\nGiao diện Android 9 mới được tuỳ biến đem lại cho Redmi Note 7 nhiều tính năng hỗ trợ: Chia đôi màn hình, Ứng dụng kép, Không gian thứ hai,...\r\n\r\nXiaomi Redmi Note 7 4GB 64GB | Giao diện tính năng\r\n\r\nGiao diện trực quan dễ sử dụng, có thể tuỳ chỉnh phím điều hướng cũng là một ưu điểm của máy.\r\n\r\nThiết kế hiện đại, theo xu thế\r\nChiếc điện thoại Xiaomi mới là một sự lột xác hoàn toàn về thiết kế so với các dòng Redmi trước đây.\r\n\r\nXiaomi Redmi Note 7 4GB 64GB | Thiết kế\r\n\r\nMáy sở hữu cho mình mặt lưng bằng kính phối màu gradient, mang lại cho máy cảm giác cao cấp và sang trọng hơn rất nhiều.\r\n\r\n4 góc máy được tăng cường độ bền đáng kể giúp chống vỡ kính gấp 4 lần so với các smartphone khác trên thị trường hiện nay.\r\n\r\nMàn hình giọt nước thích mắt\r\nXiaomi Redmi Note 7 sở hữu màn hình 6.3 inch của có tỷ lệ khung hình 19.5:9, độ phân giải Full HD+ (2.340 x 1.080 pixel).\r\n\r\nXiaomi Redmi Note 7 4GB 64GB | Màn hình\r\n\r\nThiết kế màn hình theo kiểu giọt nước giúp máy gây ấn tượng cho người dùng ngay từ cái nhìn đầu tiên.\r\n\r\nĐộ sáng của máy cũng khá cao lên tới 450 nits giúp bạn dễ dàng xem nội dung dưới ánh sáng mặt trời và bảo vệ mắt.\r\n\r\nCamera chất lượng tốt trong tầm giá\r\nXiaomi Redmi Note 7 trở thành chiếc điện thoại có camera "khủng" giá rẻ nhất trên thị trường hiện nay với "số chấm" lên tới  48 MP.\r\n\r\nXiaomi Redmi Note 7 4GB 64GB | Ảnh chụp từ camera\r\n\r\nĐi kèm cảm biến phụ 5 MP dùng để lấy dữ liệu chiều sâu trong chế độ chụp ảnh chân dung.\r\n\r\nCamera của máy còn được hỗ trợ bởi AI giúp bạn có được những bức ảnh đẹp mà không cần phải qua hậu kỳ.\r\n\r\nXiaomi Redmi Note 7 4GB 64GB | Ảnh chụp chân dung\r\n\r\nCamera trước cũng được đầu tư mạnh mẽ với độ phân giải 13 MP cũng được tích hợp sẵn chế độ làm đẹp hứa hẹn sẽ không làm các chị em phải thất vọng.\r\n\r\nXem thêm: Đánh giá nhanh camera Redmi Note 7: Liệu có chỉ là chiêu trò như lời đồn?\r\n\r\nDung lượng pin khủng\r\nXiaomi Redmi Note 7 là chiếc điện thoại pin trâu được trang bị viên pin có dung lượng lên tới 4000 mAh cho bạn sử dụng thoải mái cả ngày dài.\r\n\r\nXiaomi Redmi Note 7 4GB 64GB | Trải nghiệm và đánh giá\r\n\r\nMột điểm cộng nữa chính là máy hỗ trợ sạc pin nhanh giúp bạn rút ngắn thời gian nạp đầy năng lượng cho máy đáng kể.\r\n\r\nXiaomi Redmi Note 7 4GB 64GB | Cổng sạc Type-C\r\n\r\nVà máy cũng có một thay đổi đáng kể là đã chuyển sang cổng kết nối USB Type-C thay vì Micro USB như trước'),
	(49, 'Xiaomi Redmi Note7', 'Xiaomi', '/database_ProjectJava2/imgSmartPhone/XiaomiRedmmiNote7.png', 560, '4 in', '4 gb', 'Android', '23MP', '12MP', 'snapdragon 555', '64 Gb', 'Có', '2 sim', '2000 mAh', '2020-08-06 00:00:00', 'Xiaomi Redmi Note 7 4GB/64GB là chiếc smartphone giá rẻ mới được giới thiệu vào đầu năm 2019 với nhiều trang bị đáng giá như thiết kế notch giọt nước hay camera lên tới 48 MP.\r\nHiệu năng mạnh mẽ trải nghiệm game mượt mà\r\nRedmi Note 7 xứng đáng là một trong những chiếc smartphone có hiệu năng tốt, với điểm Antutu đo được khoảng 137586.\r\n\r\nXiaomi Redmi Note 7 4GB 64GB | Điểm Antutu\r\n\r\nNhờ được cung cấp sức mạnh bởi con chip Snapdragon 660 cùng RAM 4 GB, máy chiến mượt mà các dòng game hiện này với cấu hình tầm trung hoặc cao (tuỳ game) như Liên Quân, PUBG,...\r\n\r\nXem thêm: Đánh giá hiệu năng Xiaomi Redmi Note 7: Chiến game ở mức ổn\r\n\r\nXiaomi Redmi Note 7 4GB 64GB | Giao diện Android\r\n\r\nGiao diện Android 9 mới được tuỳ biến đem lại cho Redmi Note 7 nhiều tính năng hỗ trợ: Chia đôi màn hình, Ứng dụng kép, Không gian thứ hai,...\r\n\r\nXiaomi Redmi Note 7 4GB 64GB | Giao diện tính năng\r\n\r\nGiao diện trực quan dễ sử dụng, có thể tuỳ chỉnh phím điều hướng cũng là một ưu điểm của máy.\r\n\r\nThiết kế hiện đại, theo xu thế\r\nChiếc điện thoại Xiaomi mới là một sự lột xác hoàn toàn về thiết kế so với các dòng Redmi trước đây.\r\n\r\nXiaomi Redmi Note 7 4GB 64GB | Thiết kế\r\n\r\nMáy sở hữu cho mình mặt lưng bằng kính phối màu gradient, mang lại cho máy cảm giác cao cấp và sang trọng hơn rất nhiều.\r\n\r\n4 góc máy được tăng cường độ bền đáng kể giúp chống vỡ kính gấp 4 lần so với các smartphone khác trên thị trường hiện nay.\r\n\r\nMàn hình giọt nước thích mắt\r\nXiaomi Redmi Note 7 sở hữu màn hình 6.3 inch của có tỷ lệ khung hình 19.5:9, độ phân giải Full HD+ (2.340 x 1.080 pixel).\r\n\r\nXiaomi Redmi Note 7 4GB 64GB | Màn hình\r\n\r\nThiết kế màn hình theo kiểu giọt nước giúp máy gây ấn tượng cho người dùng ngay từ cái nhìn đầu tiên.\r\n\r\nĐộ sáng của máy cũng khá cao lên tới 450 nits giúp bạn dễ dàng xem nội dung dưới ánh sáng mặt trời và bảo vệ mắt.\r\n\r\nCamera chất lượng tốt trong tầm giá\r\nXiaomi Redmi Note 7 trở thành chiếc điện thoại có camera "khủng" giá rẻ nhất trên thị trường hiện nay với "số chấm" lên tới  48 MP.\r\n\r\nXiaomi Redmi Note 7 4GB 64GB | Ảnh chụp từ camera\r\n\r\nĐi kèm cảm biến phụ 5 MP dùng để lấy dữ liệu chiều sâu trong chế độ chụp ảnh chân dung.\r\n\r\nCamera của máy còn được hỗ trợ bởi AI giúp bạn có được những bức ảnh đẹp mà không cần phải qua hậu kỳ.\r\n\r\nXiaomi Redmi Note 7 4GB 64GB | Ảnh chụp chân dung\r\n\r\nCamera trước cũng được đầu tư mạnh mẽ với độ phân giải 13 MP cũng được tích hợp sẵn chế độ làm đẹp hứa hẹn sẽ không làm các chị em phải thất vọng.\r\n\r\nXem thêm: Đánh giá nhanh camera Redmi Note 7: Liệu có chỉ là chiêu trò như lời đồn?\r\n\r\nDung lượng pin khủng\r\nXiaomi Redmi Note 7 là chiếc điện thoại pin trâu được trang bị viên pin có dung lượng lên tới 4000 mAh cho bạn sử dụng thoải mái cả ngày dài.\r\n\r\nXiaomi Redmi Note 7 4GB 64GB | Trải nghiệm và đánh giá\r\n\r\nMột điểm cộng nữa chính là máy hỗ trợ sạc pin nhanh giúp bạn rút ngắn thời gian nạp đầy năng lượng cho máy đáng kể.\r\n\r\nXiaomi Redmi Note 7 4GB 64GB | Cổng sạc Type-C\r\n\r\nVà máy cũng có một thay đổi đáng kể là đã chuyển sang cổng kết nối USB Type-C thay vì Micro USB như trước'),
	(50, 'Xiaomi Redmi 9A', 'Xiaomi', '/database_ProjectJava2/imgSmartPhone/XiaomiRedmi9A.png', 199, '3.6 in', '6 Gb', 'Android', '23MP', '12MP', 'snapdragon 555', '64 Gb', 'Có', '2 sim', '3000 mAh', '2020-08-06 00:00:00', 'Xiaomi Redmi Note 7 4GB/64GB là chiếc smartphone giá rẻ mới được giới thiệu vào đầu năm 2019 với nhiều trang bị đáng giá như thiết kế notch giọt nước hay camera lên tới 48 MP.\r\nHiệu năng mạnh mẽ trải nghiệm game mượt mà\r\nRedmi Note 7 xứng đáng là một trong những chiếc smartphone có hiệu năng tốt, với điểm Antutu đo được khoảng 137586.\r\n\r\nXiaomi Redmi Note 7 4GB 64GB | Điểm Antutu\r\n\r\nNhờ được cung cấp sức mạnh bởi con chip Snapdragon 660 cùng RAM 4 GB, máy chiến mượt mà các dòng game hiện này với cấu hình tầm trung hoặc cao (tuỳ game) như Liên Quân, PUBG,...\r\n\r\nXem thêm: Đánh giá hiệu năng Xiaomi Redmi Note 7: Chiến game ở mức ổn\r\n\r\nXiaomi Redmi Note 7 4GB 64GB | Giao diện Android\r\n\r\nGiao diện Android 9 mới được tuỳ biến đem lại cho Redmi Note 7 nhiều tính năng hỗ trợ: Chia đôi màn hình, Ứng dụng kép, Không gian thứ hai,...\r\n\r\nXiaomi Redmi Note 7 4GB 64GB | Giao diện tính năng\r\n\r\nGiao diện trực quan dễ sử dụng, có thể tuỳ chỉnh phím điều hướng cũng là một ưu điểm của máy.\r\n\r\nThiết kế hiện đại, theo xu thế\r\nChiếc điện thoại Xiaomi mới là một sự lột xác hoàn toàn về thiết kế so với các dòng Redmi trước đây.\r\n\r\nXiaomi Redmi Note 7 4GB 64GB | Thiết kế\r\n\r\nMáy sở hữu cho mình mặt lưng bằng kính phối màu gradient, mang lại cho máy cảm giác cao cấp và sang trọng hơn rất nhiều.\r\n\r\n4 góc máy được tăng cường độ bền đáng kể giúp chống vỡ kính gấp 4 lần so với các smartphone khác trên thị trường hiện nay.\r\n\r\nMàn hình giọt nước thích mắt\r\nXiaomi Redmi Note 7 sở hữu màn hình 6.3 inch của có tỷ lệ khung hình 19.5:9, độ phân giải Full HD+ (2.340 x 1.080 pixel).\r\n\r\nXiaomi Redmi Note 7 4GB 64GB | Màn hình\r\n\r\nThiết kế màn hình theo kiểu giọt nước giúp máy gây ấn tượng cho người dùng ngay từ cái nhìn đầu tiên.\r\n\r\nĐộ sáng của máy cũng khá cao lên tới 450 nits giúp bạn dễ dàng xem nội dung dưới ánh sáng mặt trời và bảo vệ mắt.\r\n\r\nCamera chất lượng tốt trong tầm giá\r\nXiaomi Redmi Note 7 trở thành chiếc điện thoại có camera "khủng" giá rẻ nhất trên thị trường hiện nay với "số chấm" lên tới  48 MP.\r\n\r\nXiaomi Redmi Note 7 4GB 64GB | Ảnh chụp từ camera\r\n\r\nĐi kèm cảm biến phụ 5 MP dùng để lấy dữ liệu chiều sâu trong chế độ chụp ảnh chân dung.\r\n\r\nCamera của máy còn được hỗ trợ bởi AI giúp bạn có được những bức ảnh đẹp mà không cần phải qua hậu kỳ.\r\n\r\nXiaomi Redmi Note 7 4GB 64GB | Ảnh chụp chân dung\r\n\r\nCamera trước cũng được đầu tư mạnh mẽ với độ phân giải 13 MP cũng được tích hợp sẵn chế độ làm đẹp hứa hẹn sẽ không làm các chị em phải thất vọng.\r\n\r\nXem thêm: Đánh giá nhanh camera Redmi Note 7: Liệu có chỉ là chiêu trò như lời đồn?\r\n\r\nDung lượng pin khủng\r\nXiaomi Redmi Note 7 là chiếc điện thoại pin trâu được trang bị viên pin có dung lượng lên tới 4000 mAh cho bạn sử dụng thoải mái cả ngày dài.\r\n\r\nXiaomi Redmi Note 7 4GB 64GB | Trải nghiệm và đánh giá\r\n\r\nMột điểm cộng nữa chính là máy hỗ trợ sạc pin nhanh giúp bạn rút ngắn thời gian nạp đầy năng lượng cho máy đáng kể.\r\n\r\nXiaomi Redmi Note 7 4GB 64GB | Cổng sạc Type-C\r\n\r\nVà máy cũng có một thay đổi đáng kể là đã chuyển sang cổng kết nối USB Type-C thay vì Micro USB như trước'),
	(51, 'Xiaomi Redmi Note 9 Pro', 'Xiaomi', '/database_ProjectJava2/imgSmartPhone/XiaomiRedmiNote9Pro.png', 899, '5.7 in', '8 gb', 'Android', '23MP', '12MP', 'snapdragon 555', '64 Gb', 'Có', '2 sim', '4500 mAh', '2020-08-06 00:00:00', 'Xiaomi Redmi Note 7 4GB/64GB là chiếc smartphone giá rẻ mới được giới thiệu vào đầu năm 2019 với nhiều trang bị đáng giá như thiết kế notch giọt nước hay camera lên tới 48 MP.\r\nHiệu năng mạnh mẽ trải nghiệm game mượt mà\r\nRedmi Note 7 xứng đáng là một trong những chiếc smartphone có hiệu năng tốt, với điểm Antutu đo được khoảng 137586.\r\n\r\nXiaomi Redmi Note 7 4GB 64GB | Điểm Antutu\r\n\r\nNhờ được cung cấp sức mạnh bởi con chip Snapdragon 660 cùng RAM 4 GB, máy chiến mượt mà các dòng game hiện này với cấu hình tầm trung hoặc cao (tuỳ game) như Liên Quân, PUBG,...\r\n\r\nXem thêm: Đánh giá hiệu năng Xiaomi Redmi Note 7: Chiến game ở mức ổn\r\n\r\nXiaomi Redmi Note 7 4GB 64GB | Giao diện Android\r\n\r\nGiao diện Android 9 mới được tuỳ biến đem lại cho Redmi Note 7 nhiều tính năng hỗ trợ: Chia đôi màn hình, Ứng dụng kép, Không gian thứ hai,...\r\n\r\nXiaomi Redmi Note 7 4GB 64GB | Giao diện tính năng\r\n\r\nGiao diện trực quan dễ sử dụng, có thể tuỳ chỉnh phím điều hướng cũng là một ưu điểm của máy.\r\n\r\nThiết kế hiện đại, theo xu thế\r\nChiếc điện thoại Xiaomi mới là một sự lột xác hoàn toàn về thiết kế so với các dòng Redmi trước đây.\r\n\r\nXiaomi Redmi Note 7 4GB 64GB | Thiết kế\r\n\r\nMáy sở hữu cho mình mặt lưng bằng kính phối màu gradient, mang lại cho máy cảm giác cao cấp và sang trọng hơn rất nhiều.\r\n\r\n4 góc máy được tăng cường độ bền đáng kể giúp chống vỡ kính gấp 4 lần so với các smartphone khác trên thị trường hiện nay.\r\n\r\nMàn hình giọt nước thích mắt\r\nXiaomi Redmi Note 7 sở hữu màn hình 6.3 inch của có tỷ lệ khung hình 19.5:9, độ phân giải Full HD+ (2.340 x 1.080 pixel).\r\n\r\nXiaomi Redmi Note 7 4GB 64GB | Màn hình\r\n\r\nThiết kế màn hình theo kiểu giọt nước giúp máy gây ấn tượng cho người dùng ngay từ cái nhìn đầu tiên.\r\n\r\nĐộ sáng của máy cũng khá cao lên tới 450 nits giúp bạn dễ dàng xem nội dung dưới ánh sáng mặt trời và bảo vệ mắt.\r\n\r\nCamera chất lượng tốt trong tầm giá\r\nXiaomi Redmi Note 7 trở thành chiếc điện thoại có camera "khủng" giá rẻ nhất trên thị trường hiện nay với "số chấm" lên tới  48 MP.\r\n\r\nXiaomi Redmi Note 7 4GB 64GB | Ảnh chụp từ camera\r\n\r\nĐi kèm cảm biến phụ 5 MP dùng để lấy dữ liệu chiều sâu trong chế độ chụp ảnh chân dung.\r\n\r\nCamera của máy còn được hỗ trợ bởi AI giúp bạn có được những bức ảnh đẹp mà không cần phải qua hậu kỳ.\r\n\r\nXiaomi Redmi Note 7 4GB 64GB | Ảnh chụp chân dung\r\n\r\nCamera trước cũng được đầu tư mạnh mẽ với độ phân giải 13 MP cũng được tích hợp sẵn chế độ làm đẹp hứa hẹn sẽ không làm các chị em phải thất vọng.\r\n\r\nXem thêm: Đánh giá nhanh camera Redmi Note 7: Liệu có chỉ là chiêu trò như lời đồn?\r\n\r\nDung lượng pin khủng\r\nXiaomi Redmi Note 7 là chiếc điện thoại pin trâu được trang bị viên pin có dung lượng lên tới 4000 mAh cho bạn sử dụng thoải mái cả ngày dài.\r\n\r\nXiaomi Redmi Note 7 4GB 64GB | Trải nghiệm và đánh giá\r\n\r\nMột điểm cộng nữa chính là máy hỗ trợ sạc pin nhanh giúp bạn rút ngắn thời gian nạp đầy năng lượng cho máy đáng kể.\r\n\r\nXiaomi Redmi Note 7 4GB 64GB | Cổng sạc Type-C\r\n\r\nVà máy cũng có một thay đổi đáng kể là đã chuyển sang cổng kết nối USB Type-C thay vì Micro USB như trước'),
	(52, 'Oppo Reno 2f', 'Oppo', '/database_ProjectJava2/imgSmartPhone/OppoReno2f.png', 199, '6 in', '3 gb', 'Android', '23px', '10 MP, f/2.2, 26mm (wide), 1/3.2", 1.22µm, Dual Pixel PDAF', 'snapdragon 555', '32gb', '65gb', '2 sim', '4500 mAh', '2020-08-07 00:00:00', 'Xiaomi Redmi Note 7 4GB/64GB là chiếc smartphone giá rẻ mới được giới thiệu vào đầu năm 2019 với nhiều trang bị đáng giá như thiết kế notch giọt nước hay camera lên tới 48 MP.\r\nHiệu năng mạnh mẽ trải nghiệm game mượt mà\r\nRedmi Note 7 xứng đáng là một trong những chiếc smartphone có hiệu năng tốt, với điểm Antutu đo được khoảng 137586.\r\n\r\nXiaomi Redmi Note 7 4GB 64GB | Điểm Antutu\r\n\r\nNhờ được cung cấp sức mạnh bởi con chip Snapdragon 660 cùng RAM 4 GB, máy chiến mượt mà các dòng game hiện này với cấu hình tầm trung hoặc cao (tuỳ game) như Liên Quân, PUBG,...\r\n\r\nXem thêm: Đánh giá hiệu năng Xiaomi Redmi Note 7: Chiến game ở mức ổn\r\n\r\nXiaomi Redmi Note 7 4GB 64GB | Giao diện Android\r\n\r\nGiao diện Android 9 mới được tuỳ biến đem lại cho Redmi Note 7 nhiều tính năng hỗ trợ: Chia đôi màn hình, Ứng dụng kép, Không gian thứ hai,...\r\n\r\nXiaomi Redmi Note 7 4GB 64GB | Giao diện tính năng\r\n\r\nGiao diện trực quan dễ sử dụng, có thể tuỳ chỉnh phím điều hướng cũng là một ưu điểm của máy.\r\n\r\nThiết kế hiện đại, theo xu thế\r\nChiếc điện thoại Xiaomi mới là một sự lột xác hoàn toàn về thiết kế so với các dòng Redmi trước đây.\r\n\r\nXiaomi Redmi Note 7 4GB 64GB | Thiết kế\r\n\r\nMáy sở hữu cho mình mặt lưng bằng kính phối màu gradient, mang lại cho máy cảm giác cao cấp và sang trọng hơn rất nhiều.\r\n\r\n4 góc máy được tăng cường độ bền đáng kể giúp chống vỡ kính gấp 4 lần so với các smartphone khác trên thị trường hiện nay.\r\n\r\nMàn hình giọt nước thích mắt\r\nXiaomi Redmi Note 7 sở hữu màn hình 6.3 inch của có tỷ lệ khung hình 19.5:9, độ phân giải Full HD+ (2.340 x 1.080 pixel).\r\n\r\nXiaomi Redmi Note 7 4GB 64GB | Màn hình\r\n\r\nThiết kế màn hình theo kiểu giọt nước giúp máy gây ấn tượng cho người dùng ngay từ cái nhìn đầu tiên.\r\n\r\nĐộ sáng của máy cũng khá cao lên tới 450 nits giúp bạn dễ dàng xem nội dung dưới ánh sáng mặt trời và bảo vệ mắt.\r\n\r\nCamera chất lượng tốt trong tầm giá\r\nXiaomi Redmi Note 7 trở thành chiếc điện thoại có camera "khủng" giá rẻ nhất trên thị trường hiện nay với "số chấm" lên tới  48 MP.\r\n\r\nXiaomi Redmi Note 7 4GB 64GB | Ảnh chụp từ camera\r\n\r\nĐi kèm cảm biến phụ 5 MP dùng để lấy dữ liệu chiều sâu trong chế độ chụp ảnh chân dung.\r\n\r\nCamera của máy còn được hỗ trợ bởi AI giúp bạn có được những bức ảnh đẹp mà không cần phải qua hậu kỳ.\r\n\r\nXiaomi Redmi Note 7 4GB 64GB | Ảnh chụp chân dung\r\n\r\nCamera trước cũng được đầu tư mạnh mẽ với độ phân giải 13 MP cũng được tích hợp sẵn chế độ làm đẹp hứa hẹn sẽ không làm các chị em phải thất vọng.\r\n\r\nXem thêm: Đánh giá nhanh camera Redmi Note 7: Liệu có chỉ là chiêu trò như lời đồn?\r\n\r\nDung lượng pin khủng\r\nXiaomi Redmi Note 7 là chiếc điện thoại pin trâu được trang bị viên pin có dung lượng lên tới 4000 mAh cho bạn sử dụng thoải mái cả ngày dài.\r\n\r\nXiaomi Redmi Note 7 4GB 64GB | Trải nghiệm và đánh giá\r\n\r\nMột điểm cộng nữa chính là máy hỗ trợ sạc pin nhanh giúp bạn rút ngắn thời gian nạp đầy năng lượng cho máy đáng kể.\r\n\r\nXiaomi Redmi Note 7 4GB 64GB | Cổng sạc Type-C\r\n\r\nVà máy cũng có một thay đổi đáng kể là đã chuyển sang cổng kết nối USB Type-C thay vì Micro USB như trước');

CREATE TABLE user(
id int(11) NOT NULL AUTO_INCREMENT,
name varchar(32),
number varchar(32),
email varchar(32),
password varchar(255),
dob date DEFAULT NULL,
gender int,
PRIMARY KEY (id)
);

CREATE TABLE inventory(
id int(11) NOT NULL AUTO_INCREMENT,
name varchar(32),
PRIMARY KEY(id)
);

CREATE TABLE status (
  id tinyint(4) NOT NULL DEFAULT 0,
  detail_status varchar(50) ,
  PRIMARY KEY (id)
  );
  
  INSERT INTO status (id, detail_status) VALUES
	(1, 'Chờ xác nhận'),
	(2, 'Chờ lấy hàng'),
	(3, 'Đang giao hàng'),
	(4, 'Đã giao hàng');
  